source_path,stem,category,cat_idx,binary_label
G:\event_frame_duration533326\event_frame_duration533326\RoadAccidents\RoadAccidents111_x264_76.npz,RoadAccidents111_x264_76,RoadAccidents,8,1
G:\event_frame_duration533326\event_frame_duration533326\Stealing\Stealing066_x264_79.npz,Stealing066_x264_79,Stealing,12,1
G:\event_frame_duration533326\event_frame_duration533326\Normal_Videos\Normal_Videos829_x264_87.npz,Normal_Videos829_x264_87,Normal_Videos,7,0
G:\event_frame_duration533326\event_frame_duration533326\Assualt\Assault007_x264_121.npz,Assault007_x264_121,Assault,3,1
G:\event_frame_duration533326\event_frame_duration533326\Normal_Videos\Normal_Videos694_x264_1373.npz,Normal_Videos694_x264_1373,Normal_Videos,7,0
G:\event_frame_duration533326\event_frame_duration533326\RoadAccidents\RoadAccidents067_x264_75.npz,RoadAccidents067_x264_75,RoadAccidents,8,1
G:\event_frame_duration533326\event_frame_duration533326\Robbery\Robbery004_x264_95.npz,Robbery004_x264_95,Robbery,9,1
G:\event_frame_duration533326\event_frame_duration533326\RoadAccidents\RoadAccidents130_x264_79.npz,RoadAccidents130_x264_79,RoadAccidents,8,1
G:\event_frame_duration533326\event_frame_duration533326\Normal_Videos\Normal_Videos495_x264_32.npz,Normal_Videos495_x264_32,Normal_Videos,7,0
G:\event_frame_duration533326\event_frame_duration533326\Vandalism\Vandalism020_x264_90.npz,Vandalism020_x264_90,Vandalism,13,1
G:\event_frame_duration533326\event_frame_duration533326\Robbery\Robbery018_x264_179.npz,Robbery018_x264_179,Robbery,9,1
G:\event_frame_duration533326\event_frame_duration533326\RoadAccidents\RoadAccidents101_x264_16.npz,RoadAccidents101_x264_16,RoadAccidents,8,1
G:\event_frame_duration533326\event_frame_duration533326\Normal_Videos\Normal_Videos069_x264_56.npz,Normal_Videos069_x264_56,Normal_Videos,7,0
G:\event_frame_duration533326\event_frame_duration533326\Stealing\Stealing083_x264npz_282.npz,Stealing083_x264npz_282,Stealing,12,1
G:\event_frame_duration533326\event_frame_duration533326\Burglary\Burglary042_x264_263.npz,Burglary042_x264_263,Burglary,4,1
G:\event_frame_duration533326\event_frame_duration533326\Stealing\Stealing032_x264npz_336.npz,Stealing032_x264npz_336,Stealing,12,1
G:\event_frame_duration533326\event_frame_duration533326\Assualt\Assault034_x264_144.npz,Assault034_x264_144,Assault,3,1
G:\event_frame_duration533326\event_frame_duration533326\Normal_Videos\Normal_Videos843_x264_25.npz,Normal_Videos843_x264_25,Normal_Videos,7,0
G:\event_frame_duration533326\event_frame_duration533326\Normal_Videos\Normal_Videos311_x264_158.npz,Normal_Videos311_x264_158,Normal_Videos,7,0
G:\event_frame_duration533326\event_frame_duration533326\Normal_Videos\Normal_Videos271_x264_114.npz,Normal_Videos271_x264_114,Normal_Videos,7,0
G:\event_frame_duration533326\event_frame_duration533326\Normal_Videos\Normal_Videos489_x264_256.npz,Normal_Videos489_x264_256,Normal_Videos,7,0
G:\event_frame_duration533326\event_frame_duration533326\Normal_Videos\Normal_Videos464_x264_320.npz,Normal_Videos464_x264_320,Normal_Videos,7,0
G:\event_frame_duration533326\event_frame_duration533326\Normal_Videos\Normal_Videos434_x264_115.npz,Normal_Videos434_x264_115,Normal_Videos,7,0
G:\event_frame_duration533326\event_frame_duration533326\Abuse\Abuse046_x264_71.npz,Abuse046_x264_71,Abuse,0,1
G:\event_frame_duration533326\event_frame_duration533326\Arson\Arson002_x264_274.npz,Arson002_x264_274,Arson,2,1
G:\event_frame_duration533326\event_frame_duration533326\Normal_Videos\Normal_Videos374_x264_23.npz,Normal_Videos374_x264_23,Normal_Videos,7,0
G:\event_frame_duration533326\event_frame_duration533326\Normal_Videos\Normal_Videos197_x264_153.npz,Normal_Videos197_x264_153,Normal_Videos,7,0
G:\event_frame_duration533326\event_frame_duration533326\Stealing\Stealing104_x264npz_198.npz,Stealing104_x264npz_198,Stealing,12,1
G:\event_frame_duration533326\event_frame_duration533326\Normal_Videos\Normal_Videos009_x264_45.npz,Normal_Videos009_x264_45,Normal_Videos,7,0
G:\event_frame_duration533326\event_frame_duration533326\Normal_Videos\Normal_Videos083_x264_35.npz,Normal_Videos083_x264_35,Normal_Videos,7,0
G:\event_frame_duration533326\event_frame_duration533326\Normal_Videos\Normal_Videos062_x264_97.npz,Normal_Videos062_x264_97,Normal_Videos,7,0
G:\event_frame_duration533326\event_frame_duration533326\Normal_Videos\Normal_Videos657_x264_92.npz,Normal_Videos657_x264_92,Normal_Videos,7,0
G:\event_frame_duration533326\event_frame_duration533326\Normal_Videos\Normal_Videos845_x264_33.npz,Normal_Videos845_x264_33,Normal_Videos,7,0
G:\event_frame_duration533326\event_frame_duration533326\Abuse\Abuse029_x264_18.npz,Abuse029_x264_18,Abuse,0,1
G:\event_frame_duration533326\event_frame_duration533326\Stealing\Stealing008_x264npz_312.npz,Stealing008_x264npz_312,Stealing,12,1
G:\event_frame_duration533326\event_frame_duration533326\Robbery\Robbery076_x264_48.npz,Robbery076_x264_48,Robbery,9,1
G:\event_frame_duration533326\event_frame_duration533326\Robbery\Robbery149_x264_77.npz,Robbery149_x264_77,Robbery,9,1
G:\event_frame_duration533326\event_frame_duration533326\Normal_Videos\Normal_Videos697_x264_108.npz,Normal_Videos697_x264_108,Normal_Videos,7,0
G:\event_frame_duration533326\event_frame_duration533326\Normal_Videos\Normal_Videos294_x264_61.npz,Normal_Videos294_x264_61,Normal_Videos,7,0
G:\event_frame_duration533326\event_frame_duration533326\Arson\Arson048_x264_23.npz,Arson048_x264_23,Arson,2,1
G:\event_frame_duration533326\event_frame_duration533326\Burglary\Burglary091_x264_206.npz,Burglary091_x264_206,Burglary,4,1
G:\event_frame_duration533326\event_frame_duration533326\Shoplifting\Shoplifting036_x264_228.npz,Shoplifting036_x264_228,Shoplifting,11,1
G:\event_frame_duration533326\event_frame_duration533326\Normal_Videos\Normal_Videos023_x264_109.npz,Normal_Videos023_x264_109,Normal_Videos,7,0
G:\event_frame_duration533326\event_frame_duration533326\Normal_Videos\Normal_Videos665_x264_728.npz,Normal_Videos665_x264_728,Normal_Videos,7,0
G:\event_frame_duration533326\event_frame_duration533326\Normal_Videos\Normal_Videos016_x264_226.npz,Normal_Videos016_x264_226,Normal_Videos,7,0
G:\event_frame_duration533326\event_frame_duration533326\Robbery\Robbery079_x264npz_46.npz,Robbery079_x264npz_46,Robbery,9,1
G:\event_frame_duration533326\event_frame_duration533326\Stealing\Stealing016_x264_152.npz,Stealing016_x264_152,Stealing,12,1
G:\event_frame_duration533326\event_frame_duration533326\Normal_Videos\Normal_Videos181_x264_257.npz,Normal_Videos181_x264_257,Normal_Videos,7,0
G:\event_frame_duration533326\event_frame_duration533326\Explosion\Explosion051_x264_176.npz,Explosion051_x264_176,Explosion,5,1
G:\event_frame_duration533326\event_frame_duration533326\Normal_Videos\Normal_Videos273_x264_237.npz,Normal_Videos273_x264_237,Normal_Videos,7,0
G:\event_frame_duration533326\event_frame_duration533326\Normal_Videos\Normal_Videos729_x264_102.npz,Normal_Videos729_x264_102,Normal_Videos,7,0
G:\event_frame_duration533326\event_frame_duration533326\Normal_Videos\Normal_Videos698_x264_52.npz,Normal_Videos698_x264_52,Normal_Videos,7,0
G:\event_frame_duration533326\event_frame_duration533326\Normal_Videos\Normal_Videos581_x264_167.npz,Normal_Videos581_x264_167,Normal_Videos,7,0
G:\event_frame_duration533326\event_frame_duration533326\Normal_Videos\Normal_Videos275_x264_142.npz,Normal_Videos275_x264_142,Normal_Videos,7,0
G:\event_frame_duration533326\event_frame_duration533326\Normal_Videos\Normal_Videos350_x264_91.npz,Normal_Videos350_x264_91,Normal_Videos,7,0
G:\event_frame_duration533326\event_frame_duration533326\Normal_Videos\Normal_Videos678_x264_136.npz,Normal_Videos678_x264_136,Normal_Videos,7,0
G:\event_frame_duration533326\event_frame_duration533326\Stealing\Stealing050_x264npz_208.npz,Stealing050_x264npz_208,Stealing,12,1
G:\event_frame_duration533326\event_frame_duration533326\Fighting\Fighting020_x264_137.npz,Fighting020_x264_137,Fighting,6,1
G:\event_frame_duration533326\event_frame_duration533326\Burglary\Burglary012_x264_105.npz,Burglary012_x264_105,Burglary,4,1
G:\event_frame_duration533326\event_frame_duration533326\Robbery\Robbery042_x264_135.npz,Robbery042_x264_135,Robbery,9,1
G:\event_frame_duration533326\event_frame_duration533326\Robbery\Robbery124_x264_596.npz,Robbery124_x264_596,Robbery,9,1
G:\event_frame_duration533326\event_frame_duration533326\Normal_Videos\Normal_Videos343_x264_52.npz,Normal_Videos343_x264_52,Normal_Videos,7,0
G:\event_frame_duration533326\event_frame_duration533326\Burglary\Burglary077_x264_118.npz,Burglary077_x264_118,Burglary,4,1
G:\event_frame_duration533326\event_frame_duration533326\Shooting\Shooting038_x264_81.npz,Shooting038_x264_81,Shooting,10,1
G:\event_frame_duration533326\event_frame_duration533326\Normal_Videos\Normal_Videos404_x264_216.npz,Normal_Videos404_x264_216,Normal_Videos,7,0
G:\event_frame_duration533326\event_frame_duration533326\Assualt\Assault020_x264_29.npz,Assault020_x264_29,Assault,3,1
G:\event_frame_duration533326\event_frame_duration533326\Normal_Videos\Normal_Videos504_x264_33.npz,Normal_Videos504_x264_33,Normal_Videos,7,0
G:\event_frame_duration533326\event_frame_duration533326\Normal_Videos\Normal_Videos549_x264_577.npz,Normal_Videos549_x264_577,Normal_Videos,7,0
G:\event_frame_duration533326\event_frame_duration533326\Normal_Videos\Normal_Videos948_x264_223.npz,Normal_Videos948_x264_223,Normal_Videos,7,0
G:\event_frame_duration533326\event_frame_duration533326\Normal_Videos\Normal_Videos243_x264_113.npz,Normal_Videos243_x264_113,Normal_Videos,7,0
G:\event_frame_duration533326\event_frame_duration533326\Assualt\Assault028_x264_163.npz,Assault028_x264_163,Assault,3,1
G:\event_frame_duration533326\event_frame_duration533326\Normal_Videos\Normal_Videos482_x264_270.npz,Normal_Videos482_x264_270,Normal_Videos,7,0
G:\event_frame_duration533326\event_frame_duration533326\Normal_Videos\Normal_Videos589_x264_327.npz,Normal_Videos589_x264_327,Normal_Videos,7,0
G:\event_frame_duration533326\event_frame_duration533326\Abuse\Abuse004_x264_1048.npz,Abuse004_x264_1048,Abuse,0,1
G:\event_frame_duration533326\event_frame_duration533326\Robbery\Robbery086_x264_449.npz,Robbery086_x264_449,Robbery,9,1
G:\event_frame_duration533326\event_frame_duration533326\Arson\Arson015_x264_637.npz,Arson015_x264_637,Arson,2,1
G:\event_frame_duration533326\event_frame_duration533326\Abuse\Abuse002_x264_53.npz,Abuse002_x264_53,Abuse,0,1
G:\event_frame_duration533326\event_frame_duration533326\Normal_Videos\Normal_Videos663_x264_51.npz,Normal_Videos663_x264_51,Normal_Videos,7,0
G:\event_frame_duration533326\event_frame_duration533326\Arrest\Arrest038_x264_136.npz,Arrest038_x264_136,Arrest,1,1
G:\event_frame_duration533326\event_frame_duration533326\Normal_Videos\Normal_Videos101_x264_95.npz,Normal_Videos101_x264_95,Normal_Videos,7,0
G:\event_frame_duration533326\event_frame_duration533326\Vandalism\Vandalism009_x264_83.npz,Vandalism009_x264_83,Vandalism,13,1
G:\event_frame_duration533326\event_frame_duration533326\Normal_Videos\Normal_Videos116_x264_282.npz,Normal_Videos116_x264_282,Normal_Videos,7,0
G:\event_frame_duration533326\event_frame_duration533326\Normal_Videos\Normal_Videos297_x264_22.npz,Normal_Videos297_x264_22,Normal_Videos,7,0
G:\event_frame_duration533326\event_frame_duration533326\Stealing\Stealing080_x264_65.npz,Stealing080_x264_65,Stealing,12,1
G:\event_frame_duration533326\event_frame_duration533326\Normal_Videos\Normal_Videos675_x264_87.npz,Normal_Videos675_x264_87,Normal_Videos,7,0
G:\event_frame_duration533326\event_frame_duration533326\Normal_Videos\Normal_Videos055_x264_14.npz,Normal_Videos055_x264_14,Normal_Videos,7,0
G:\event_frame_duration533326\event_frame_duration533326\Normal_Videos\Normal_Videos164_x264_644.npz,Normal_Videos164_x264_644,Normal_Videos,7,0
G:\event_frame_duration533326\event_frame_duration533326\Normal_Videos\Normal_Videos834_x264_196.npz,Normal_Videos834_x264_196,Normal_Videos,7,0
G:\event_frame_duration533326\event_frame_duration533326\Shoplifting\Shoplifting042_x264_320.npz,Shoplifting042_x264_320,Shoplifting,11,1
G:\event_frame_duration533326\event_frame_duration533326\Stealing\Stealing009_x264_100.npz,Stealing009_x264_100,Stealing,12,1
G:\event_frame_duration533326\event_frame_duration533326\Abuse\Abuse007_x264_68.npz,Abuse007_x264_68,Abuse,0,1
G:\event_frame_duration533326\event_frame_duration533326\Burglary\Burglary099_x264_82.npz,Burglary099_x264_82,Burglary,4,1
G:\event_frame_duration533326\event_frame_duration533326\RoadAccidents\RoadAccidents055_x264_52.npz,RoadAccidents055_x264_52,RoadAccidents,8,1
G:\event_frame_duration533326\event_frame_duration533326\Normal_Videos\Normal_Videos700_x264_418.npz,Normal_Videos700_x264_418,Normal_Videos,7,0
G:\event_frame_duration533326\event_frame_duration533326\Normal_Videos\Normal_Videos208_x264_139.npz,Normal_Videos208_x264_139,Normal_Videos,7,0
G:\event_frame_duration533326\event_frame_duration533326\Robbery\Robbery095_x264_78.npz,Robbery095_x264_78,Robbery,9,1
G:\event_frame_duration533326\event_frame_duration533326\Shooting\Shooting042_x264_96.npz,Shooting042_x264_96,Shooting,10,1
G:\event_frame_duration533326\event_frame_duration533326\Normal_Videos\Normal_Videos290_x264_16.npz,Normal_Videos290_x264_16,Normal_Videos,7,0
G:\event_frame_duration533326\event_frame_duration533326\Normal_Videos\Normal_Videos402_x264_36.npz,Normal_Videos402_x264_36,Normal_Videos,7,0
G:\event_frame_duration533326\event_frame_duration533326\Fighting\Fighting046_x264_186.npz,Fighting046_x264_186,Fighting,6,1
G:\event_frame_duration533326\event_frame_duration533326\Normal_Videos\Normal_Videos816_x264_169.npz,Normal_Videos816_x264_169,Normal_Videos,7,0
G:\event_frame_duration533326\event_frame_duration533326\Stealing\Stealing068_x264_428.npz,Stealing068_x264_428,Stealing,12,1
G:\event_frame_duration533326\event_frame_duration533326\Normal_Videos\Normal_Videos315_x264_94.npz,Normal_Videos315_x264_94,Normal_Videos,7,0
G:\event_frame_duration533326\event_frame_duration533326\Normal_Videos\Normal_Videos410_x264_249.npz,Normal_Videos410_x264_249,Normal_Videos,7,0
G:\event_frame_duration533326\event_frame_duration533326\Normal_Videos\Normal_Videos124_x264_86.npz,Normal_Videos124_x264_86,Normal_Videos,7,0
G:\event_frame_duration533326\event_frame_duration533326\Normal_Videos\Normal_Videos737_x264_67.npz,Normal_Videos737_x264_67,Normal_Videos,7,0
G:\event_frame_duration533326\event_frame_duration533326\Burglary\Burglary057_x264_345.npz,Burglary057_x264_345,Burglary,4,1
G:\event_frame_duration533326\event_frame_duration533326\Normal_Videos\Normal_Videos551_x264_3372.npz,Normal_Videos551_x264_3372,Normal_Videos,7,0
G:\event_frame_duration533326\event_frame_duration533326\Abuse\Abuse012_x264_318.npz,Abuse012_x264_318,Abuse,0,1
G:\event_frame_duration533326\event_frame_duration533326\Explosion\Explosion009_x264_67.npz,Explosion009_x264_67,Explosion,5,1
G:\event_frame_duration533326\event_frame_duration533326\Robbery\Robbery110_x264_158.npz,Robbery110_x264_158,Robbery,9,1
G:\event_frame_duration533326\event_frame_duration533326\Normal_Videos\Normal_Videos805_x264_169.npz,Normal_Videos805_x264_169,Normal_Videos,7,0
G:\event_frame_duration533326\event_frame_duration533326\Fighting\Fighting037_x264_272.npz,Fighting037_x264_272,Fighting,6,1
G:\event_frame_duration533326\event_frame_duration533326\Robbery\Robbery064_x264_88.npz,Robbery064_x264_88,Robbery,9,1
G:\event_frame_duration533326\event_frame_duration533326\Normal_Videos\Normal_Videos085_x264_322.npz,Normal_Videos085_x264_322,Normal_Videos,7,0
G:\event_frame_duration533326\event_frame_duration533326\Abuse\Abuse023_x264_61.npz,Abuse023_x264_61,Abuse,0,1
G:\event_frame_duration533326\event_frame_duration533326\Fighting\Fighting002_x264_166.npz,Fighting002_x264_166,Fighting,6,1
G:\event_frame_duration533326\event_frame_duration533326\Fighting\Fighting031_x264_562.npz,Fighting031_x264_562,Fighting,6,1
G:\event_frame_duration533326\event_frame_duration533326\Robbery\Robbery097_x264_220.npz,Robbery097_x264_220,Robbery,9,1
G:\event_frame_duration533326\event_frame_duration533326\Normal_Videos\Normal_Videos459_x264_464.npz,Normal_Videos459_x264_464,Normal_Videos,7,0
G:\event_frame_duration533326\event_frame_duration533326\Normal_Videos\Normal_Videos791_x264_224.npz,Normal_Videos791_x264_224,Normal_Videos,7,0
G:\event_frame_duration533326\event_frame_duration533326\Normal_Videos\Normal_Videos209_x264_38.npz,Normal_Videos209_x264_38,Normal_Videos,7,0
G:\event_frame_duration533326\event_frame_duration533326\Normal_Videos\Normal_Videos575_x264_229.npz,Normal_Videos575_x264_229,Normal_Videos,7,0
G:\event_frame_duration533326\event_frame_duration533326\Robbery\Robbery088_x264_294.npz,Robbery088_x264_294,Robbery,9,1
G:\event_frame_duration533326\event_frame_duration533326\Normal_Videos\Normal_Videos185_x264_574.npz,Normal_Videos185_x264_574,Normal_Videos,7,0
G:\event_frame_duration533326\event_frame_duration533326\Vandalism\Vandalism037_x264_188.npz,Vandalism037_x264_188,Vandalism,13,1
G:\event_frame_duration533326\event_frame_duration533326\Normal_Videos\Normal_Videos138_x264_8009_6.npz,Normal_Videos138_x264_8009_6,Normal_Videos,7,0
G:\event_frame_duration533326\event_frame_duration533326\Normal_Videos\Normal_Videos223_x264_263.npz,Normal_Videos223_x264_263,Normal_Videos,7,0
G:\event_frame_duration533326\event_frame_duration533326\Burglary\Burglary097_x264_18.npz,Burglary097_x264_18,Burglary,4,1
G:\event_frame_duration533326\event_frame_duration533326\Abuse\Abuse018_x264_151.npz,Abuse018_x264_151,Abuse,0,1
G:\event_frame_duration533326\event_frame_duration533326\Arrest\Arrest005_x264_229.npz,Arrest005_x264_229,Arrest,1,1
G:\event_frame_duration533326\event_frame_duration533326\Burglary\Burglary059_x264_27.npz,Burglary059_x264_27,Burglary,4,1
G:\event_frame_duration533326\event_frame_duration533326\Arrest\Arrest037_x264_132.npz,Arrest037_x264_132,Arrest,1,1
G:\event_frame_duration533326\event_frame_duration533326\Stealing\Stealing103_x264_379.npz,Stealing103_x264_379,Stealing,12,1
G:\event_frame_duration533326\event_frame_duration533326\Normal_Videos\Normal_Videos119_x264_241.npz,Normal_Videos119_x264_241,Normal_Videos,7,0
G:\event_frame_duration533326\event_frame_duration533326\Arrest\Arrest025_x264_65.npz,Arrest025_x264_65,Arrest,1,1
G:\event_frame_duration533326\event_frame_duration533326\Stealing\Stealing071_x264npz_59.npz,Stealing071_x264npz_59,Stealing,12,1
G:\event_frame_duration533326\event_frame_duration533326\Normal_Videos\Normal_Videos303_x264_333.npz,Normal_Videos303_x264_333,Normal_Videos,7,0
G:\event_frame_duration533326\event_frame_duration533326\Burglary\Burglary095_x264_2540.npz,Burglary095_x264_2540,Burglary,4,1
G:\event_frame_duration533326\event_frame_duration533326\Arson\Arson038_x264_45.npz,Arson038_x264_45,Arson,2,1
G:\event_frame_duration533326\event_frame_duration533326\RoadAccidents\RoadAccidents027_x264_5.npz,RoadAccidents027_x264_5,RoadAccidents,8,1
G:\event_frame_duration533326\event_frame_duration533326\Normal_Videos\Normal_Videos390_x264_30.npz,Normal_Videos390_x264_30,Normal_Videos,7,0
G:\event_frame_duration533326\event_frame_duration533326\Burglary\Burglary009_x264_158.npz,Burglary009_x264_158,Burglary,4,1
G:\event_frame_duration533326\event_frame_duration533326\RoadAccidents\RoadAccidents029_x264_31.npz,RoadAccidents029_x264_31,RoadAccidents,8,1
G:\event_frame_duration533326\event_frame_duration533326\Burglary\Burglary020_x264_206.npz,Burglary020_x264_206,Burglary,4,1
G:\event_frame_duration533326\event_frame_duration533326\Stealing\Stealing030_x264_52.npz,Stealing030_x264_52,Stealing,12,1
G:\event_frame_duration533326\event_frame_duration533326\Explosion\Explosion041_x264_171.npz,Explosion041_x264_171,Explosion,5,1
G:\event_frame_duration533326\event_frame_duration533326\Arrest\Arrest042_x264_99.npz,Arrest042_x264_99,Arrest,1,1
G:\event_frame_duration533326\event_frame_duration533326\Normal_Videos\Normal_Videos179_x264_311.npz,Normal_Videos179_x264_311,Normal_Videos,7,0
G:\event_frame_duration533326\event_frame_duration533326\RoadAccidents\RoadAccidents074_x264_119.npz,RoadAccidents074_x264_119,RoadAccidents,8,1
G:\event_frame_duration533326\event_frame_duration533326\RoadAccidents\RoadAccidents034_x264_108.npz,RoadAccidents034_x264_108,RoadAccidents,8,1
G:\event_frame_duration533326\event_frame_duration533326\Normal_Videos\Normal_Videos138_x264_8009_12.npz,Normal_Videos138_x264_8009_12,Normal_Videos,7,0
G:\event_frame_duration533326\event_frame_duration533326\Normal_Videos\Normal_Videos300_x264_92.npz,Normal_Videos300_x264_92,Normal_Videos,7,0
G:\event_frame_duration533326\event_frame_duration533326\RoadAccidents\RoadAccidents144_x264npz_54.npz,RoadAccidents144_x264npz_54,RoadAccidents,8,1
G:\event_frame_duration533326\event_frame_duration533326\Normal_Videos\Normal_Videos147_x264_31.npz,Normal_Videos147_x264_31,Normal_Videos,7,0
G:\event_frame_duration533326\event_frame_duration533326\Vandalism\Vandalism026_x264_60.npz,Vandalism026_x264_60,Vandalism,13,1
G:\event_frame_duration533326\event_frame_duration533326\Burglary\Burglary054_x264_27.npz,Burglary054_x264_27,Burglary,4,1
G:\event_frame_duration533326\event_frame_duration533326\Stealing\Stealing113_x264_97.npz,Stealing113_x264_97,Stealing,12,1
G:\event_frame_duration533326\event_frame_duration533326\Normal_Videos\Normal_Videos593_x264_163.npz,Normal_Videos593_x264_163,Normal_Videos,7,0
G:\event_frame_duration533326\event_frame_duration533326\Normal_Videos\Normal_Videos762_x264_1397.npz,Normal_Videos762_x264_1397,Normal_Videos,7,0
G:\event_frame_duration533326\event_frame_duration533326\RoadAccidents\RoadAccidents057_x264npz_130.npz,RoadAccidents057_x264npz_130,RoadAccidents,8,1
G:\event_frame_duration533326\event_frame_duration533326\Stealing\Stealing112_x264_130.npz,Stealing112_x264_130,Stealing,12,1
G:\event_frame_duration533326\event_frame_duration533326\Shooting\Shooting023_x264_26.npz,Shooting023_x264_26,Shooting,10,1
G:\event_frame_duration533326\event_frame_duration533326\Arrest\Arrest016_x264_661.npz,Arrest016_x264_661,Arrest,1,1
G:\event_frame_duration533326\event_frame_duration533326\Normal_Videos\Normal_Videos598_x264_457.npz,Normal_Videos598_x264_457,Normal_Videos,7,0
G:\event_frame_duration533326\event_frame_duration533326\Stealing\Stealing063_x264_723.npz,Stealing063_x264_723,Stealing,12,1
G:\event_frame_duration533326\event_frame_duration533326\Arrest\Arrest002_x264_111.npz,Arrest002_x264_111,Arrest,1,1
G:\event_frame_duration533326\event_frame_duration533326\Normal_Videos\Normal_Videos732_x264_94.npz,Normal_Videos732_x264_94,Normal_Videos,7,0
G:\event_frame_duration533326\event_frame_duration533326\Normal_Videos\Normal_Videos804_x264_171.npz,Normal_Videos804_x264_171,Normal_Videos,7,0
G:\event_frame_duration533326\event_frame_duration533326\Robbery\Robbery089_x264_16.npz,Robbery089_x264_16,Robbery,9,1
G:\event_frame_duration533326\event_frame_duration533326\Normal_Videos\Normal_Videos040_x264_60.npz,Normal_Videos040_x264_60,Normal_Videos,7,0
G:\event_frame_duration533326\event_frame_duration533326\Robbery\Robbery044_x264_29.npz,Robbery044_x264_29,Robbery,9,1
G:\event_frame_duration533326\event_frame_duration533326\Arson\Arson039_x264_209.npz,Arson039_x264_209,Arson,2,1
G:\event_frame_duration533326\event_frame_duration533326\RoadAccidents\RoadAccidents028_x264_36.npz,RoadAccidents028_x264_36,RoadAccidents,8,1
G:\event_frame_duration533326\event_frame_duration533326\Robbery\Robbery119_x264_191.npz,Robbery119_x264_191,Robbery,9,1
G:\event_frame_duration533326\event_frame_duration533326\RoadAccidents\RoadAccidents142_x264_269.npz,RoadAccidents142_x264_269,RoadAccidents,8,1
G:\event_frame_duration533326\event_frame_duration533326\Normal_Videos\Normal_Videos074_x264_126.npz,Normal_Videos074_x264_126,Normal_Videos,7,0
G:\event_frame_duration533326\event_frame_duration533326\Normal_Videos\Normal_Videos728_x264_140.npz,Normal_Videos728_x264_140,Normal_Videos,7,0
G:\event_frame_duration533326\event_frame_duration533326\Normal_Videos\Normal_Videos222_x264_58.npz,Normal_Videos222_x264_58,Normal_Videos,7,0
G:\event_frame_duration533326\event_frame_duration533326\Robbery\Robbery024_x264_149.npz,Robbery024_x264_149,Robbery,9,1
G:\event_frame_duration533326\event_frame_duration533326\Normal_Videos\Normal_Videos749_x264_59.npz,Normal_Videos749_x264_59,Normal_Videos,7,0
G:\event_frame_duration533326\event_frame_duration533326\Normal_Videos\Normal_Videos712_x264_223.npz,Normal_Videos712_x264_223,Normal_Videos,7,0
G:\event_frame_duration533326\event_frame_duration533326\RoadAccidents\RoadAccidents134_x264_17.npz,RoadAccidents134_x264_17,RoadAccidents,8,1
G:\event_frame_duration533326\event_frame_duration533326\Normal_Videos\Normal_Videos372_x264_40.npz,Normal_Videos372_x264_40,Normal_Videos,7,0
G:\event_frame_duration533326\event_frame_duration533326\Normal_Videos\Normal_Videos754_x264_101.npz,Normal_Videos754_x264_101,Normal_Videos,7,0
G:\event_frame_duration533326\event_frame_duration533326\Normal_Videos\Normal_Videos089_x264_1227.npz,Normal_Videos089_x264_1227,Normal_Videos,7,0
G:\event_frame_duration533326\event_frame_duration533326\Normal_Videos\Normal_Videos447_x264_840.npz,Normal_Videos447_x264_840,Normal_Videos,7,0
G:\event_frame_duration533326\event_frame_duration533326\Normal_Videos\Normal_Videos262_x264_447.npz,Normal_Videos262_x264_447,Normal_Videos,7,0
G:\event_frame_duration533326\event_frame_duration533326\Normal_Videos\Normal_Videos813_x264_168.npz,Normal_Videos813_x264_168,Normal_Videos,7,0
G:\event_frame_duration533326\event_frame_duration533326\Normal_Videos\Normal_Videos691_x264_981.npz,Normal_Videos691_x264_981,Normal_Videos,7,0
G:\event_frame_duration533326\event_frame_duration533326\Normal_Videos\Normal_Videos420_x264_682.npz,Normal_Videos420_x264_682,Normal_Videos,7,0
G:\event_frame_duration533326\event_frame_duration533326\Normal_Videos\Normal_Videos851_x264_122.npz,Normal_Videos851_x264_122,Normal_Videos,7,0
G:\event_frame_duration533326\event_frame_duration533326\Normal_Videos\Normal_Videos858_x264_76.npz,Normal_Videos858_x264_76,Normal_Videos,7,0
G:\event_frame_duration533326\event_frame_duration533326\RoadAccidents\RoadAccidents003_x264_92.npz,RoadAccidents003_x264_92,RoadAccidents,8,1
G:\event_frame_duration533326\event_frame_duration533326\Explosion\Explosion023_x264_145.npz,Explosion023_x264_145,Explosion,5,1
G:\event_frame_duration533326\event_frame_duration533326\Normal_Videos\Normal_Videos087_x264_5060.npz,Normal_Videos087_x264_5060,Normal_Videos,7,0
G:\event_frame_duration533326\event_frame_duration533326\Normal_Videos\Normal_Videos160_x264_224.npz,Normal_Videos160_x264_224,Normal_Videos,7,0
G:\event_frame_duration533326\event_frame_duration533326\Robbery\Robbery056_x264_172.npz,Robbery056_x264_172,Robbery,9,1
G:\event_frame_duration533326\event_frame_duration533326\Normal_Videos\Normal_Videos249_x264_38.npz,Normal_Videos249_x264_38,Normal_Videos,7,0
G:\event_frame_duration533326\event_frame_duration533326\RoadAccidents\RoadAccidents023_x264_218.npz,RoadAccidents023_x264_218,RoadAccidents,8,1
G:\event_frame_duration533326\event_frame_duration533326\Normal_Videos\Normal_Videos520_x264_3175.npz,Normal_Videos520_x264_3175,Normal_Videos,7,0
G:\event_frame_duration533326\event_frame_duration533326\Robbery\Robbery098_x264_756.npz,Robbery098_x264_756,Robbery,9,1
G:\event_frame_duration533326\event_frame_duration533326\Robbery\Robbery074_x264npz_49.npz,Robbery074_x264npz_49,Robbery,9,1
G:\event_frame_duration533326\event_frame_duration533326\Burglary\Burglary078_x264_18.npz,Burglary078_x264_18,Burglary,4,1
G:\event_frame_duration533326\event_frame_duration533326\Arrest\Arrest008_x264_399.npz,Arrest008_x264_399,Arrest,1,1
G:\event_frame_duration533326\event_frame_duration533326\RoadAccidents\RoadAccidents102_x264_22.npz,RoadAccidents102_x264_22,RoadAccidents,8,1
G:\event_frame_duration533326\event_frame_duration533326\Normal_Videos\Normal_Videos215_x264_54.npz,Normal_Videos215_x264_54,Normal_Videos,7,0
G:\event_frame_duration533326\event_frame_duration533326\Normal_Videos\Normal_Videos138_x264_8009_14.npz,Normal_Videos138_x264_8009_14,Normal_Videos,7,0
G:\event_frame_duration533326\event_frame_duration533326\Normal_Videos\Normal_Videos424_x264_446.npz,Normal_Videos424_x264_446,Normal_Videos,7,0
G:\event_frame_duration533326\event_frame_duration533326\Arrest\Arrest048_x264_254.npz,Arrest048_x264_254,Arrest,1,1
G:\event_frame_duration533326\event_frame_duration533326\Normal_Videos\Normal_Videos827_x264_75.npz,Normal_Videos827_x264_75,Normal_Videos,7,0
G:\event_frame_duration533326\event_frame_duration533326\Abuse\Abuse047_x264_96.npz,Abuse047_x264_96,Abuse,0,1
G:\event_frame_duration533326\event_frame_duration533326\RoadAccidents\RoadAccidents141_x264_164.npz,RoadAccidents141_x264_164,RoadAccidents,8,1
G:\event_frame_duration533326\event_frame_duration533326\Stealing\Stealing072_x264_725.npz,Stealing072_x264_725,Stealing,12,1
G:\event_frame_duration533326\event_frame_duration533326\Vandalism\Vandalism048_x264_448.npz,Vandalism048_x264_448,Vandalism,13,1
G:\event_frame_duration533326\event_frame_duration533326\Robbery\Robbery013_x264_226.npz,Robbery013_x264_226,Robbery,9,1
G:\event_frame_duration533326\event_frame_duration533326\Normal_Videos\Normal_Videos335_x264_336.npz,Normal_Videos335_x264_336,Normal_Videos,7,0
G:\event_frame_duration533326\event_frame_duration533326\Normal_Videos\Normal_Videos591_x264_564.npz,Normal_Videos591_x264_564,Normal_Videos,7,0
G:\event_frame_duration533326\event_frame_duration533326\Normal_Videos\Normal_Videos386_x264_287.npz,Normal_Videos386_x264_287,Normal_Videos,7,0
G:\event_frame_duration533326\event_frame_duration533326\Vandalism\Vandalism041_x264_303.npz,Vandalism041_x264_303,Vandalism,13,1
G:\event_frame_duration533326\event_frame_duration533326\Normal_Videos\Normal_Videos483_x264_266.npz,Normal_Videos483_x264_266,Normal_Videos,7,0
G:\event_frame_duration533326\event_frame_duration533326\Robbery\Robbery016_x264_102.npz,Robbery016_x264_102,Robbery,9,1
G:\event_frame_duration533326\event_frame_duration533326\Normal_Videos\Normal_Videos237_x264_107.npz,Normal_Videos237_x264_107,Normal_Videos,7,0
G:\event_frame_duration533326\event_frame_duration533326\Normal_Videos\Normal_Videos432_x264_223.npz,Normal_Videos432_x264_223,Normal_Videos,7,0
G:\event_frame_duration533326\event_frame_duration533326\Normal_Videos\Normal_Videos636_x264_77.npz,Normal_Videos636_x264_77,Normal_Videos,7,0
G:\event_frame_duration533326\event_frame_duration533326\Assualt\Assault042_x264_560.npz,Assault042_x264_560,Assault,3,1
G:\event_frame_duration533326\event_frame_duration533326\RoadAccidents\RoadAccidents120_x264npz_114.npz,RoadAccidents120_x264npz_114,RoadAccidents,8,1
G:\event_frame_duration533326\event_frame_duration533326\Assualt\Assault032_x264_35.npz,Assault032_x264_35,Assault,3,1
G:\event_frame_duration533326\event_frame_duration533326\RoadAccidents\RoadAccidents032_x264_141.npz,RoadAccidents032_x264_141,RoadAccidents,8,1
G:\event_frame_duration533326\event_frame_duration533326\Robbery\Robbery131_x264_94.npz,Robbery131_x264_94,Robbery,9,1
G:\event_frame_duration533326\event_frame_duration533326\Normal_Videos\Normal_Videos552_x264_268.npz,Normal_Videos552_x264_268,Normal_Videos,7,0
G:\event_frame_duration533326\event_frame_duration533326\Normal_Videos\Normal_Videos586_x264_118.npz,Normal_Videos586_x264_118,Normal_Videos,7,0
G:\event_frame_duration533326\event_frame_duration533326\Normal_Videos\Normal_Videos239_x264_221.npz,Normal_Videos239_x264_221,Normal_Videos,7,0
G:\event_frame_duration533326\event_frame_duration533326\Stealing\Stealing107_x264_280.npz,Stealing107_x264_280,Stealing,12,1
G:\event_frame_duration533326\event_frame_duration533326\Normal_Videos\Normal_Videos479_x264_2474.npz,Normal_Videos479_x264_2474,Normal_Videos,7,0
G:\event_frame_duration533326\event_frame_duration533326\Arrest\Arrest020_x264_184.npz,Arrest020_x264_184,Arrest,1,1
G:\event_frame_duration533326\event_frame_duration533326\RoadAccidents\RoadAccidents063_x264_219.npz,RoadAccidents063_x264_219,RoadAccidents,8,1
G:\event_frame_duration533326\event_frame_duration533326\Normal_Videos\Normal_Videos573_x264_246.npz,Normal_Videos573_x264_246,Normal_Videos,7,0
G:\event_frame_duration533326\event_frame_duration533326\Normal_Videos\Normal_Videos492_x264_3106.npz,Normal_Videos492_x264_3106,Normal_Videos,7,0
G:\event_frame_duration533326\event_frame_duration533326\Burglary\Burglary045_x264_683.npz,Burglary045_x264_683,Burglary,4,1
G:\event_frame_duration533326\event_frame_duration533326\RoadAccidents\RoadAccidents080_x264_80.npz,RoadAccidents080_x264_80,RoadAccidents,8,1
G:\event_frame_duration533326\event_frame_duration533326\Vandalism\Vandalism002_x264_114.npz,Vandalism002_x264_114,Vandalism,13,1
G:\event_frame_duration533326\event_frame_duration533326\Robbery\Robbery101_x264_208.npz,Robbery101_x264_208,Robbery,9,1
G:\event_frame_duration533326\event_frame_duration533326\Shooting\Shooting025_x264_148.npz,Shooting025_x264_148,Shooting,10,1
G:\event_frame_duration533326\event_frame_duration533326\RoadAccidents\RoadAccidents018_x264_93.npz,RoadAccidents018_x264_93,RoadAccidents,8,1
G:\event_frame_duration533326\event_frame_duration533326\Arrest\Arrest051_x264_669.npz,Arrest051_x264_669,Arrest,1,1
G:\event_frame_duration533326\event_frame_duration533326\Normal_Videos\Normal_Videos368_x264_55.npz,Normal_Videos368_x264_55,Normal_Videos,7,0
G:\event_frame_duration533326\event_frame_duration533326\RoadAccidents\RoadAccidents054_x264_78.npz,RoadAccidents054_x264_78,RoadAccidents,8,1
G:\event_frame_duration533326\event_frame_duration533326\Explosion\Explosion019_x264_21.npz,Explosion019_x264_21,Explosion,5,1
G:\event_frame_duration533326\event_frame_duration533326\Normal_Videos\Normal_Videos802_x264_169.npz,Normal_Videos802_x264_169,Normal_Videos,7,0
G:\event_frame_duration533326\event_frame_duration533326\Normal_Videos\Normal_Videos221_x264_138.npz,Normal_Videos221_x264_138,Normal_Videos,7,0
G:\event_frame_duration533326\event_frame_duration533326\Normal_Videos\Normal_Videos619_x264_560.npz,Normal_Videos619_x264_560,Normal_Videos,7,0
G:\event_frame_duration533326\event_frame_duration533326\Assualt\Assault027_x264_435.npz,Assault027_x264_435,Assault,3,1
G:\event_frame_duration533326\event_frame_duration533326\Normal_Videos\Normal_Videos647_x264_145.npz,Normal_Videos647_x264_145,Normal_Videos,7,0
G:\event_frame_duration533326\event_frame_duration533326\Shooting\Shooting017_x264_58.npz,Shooting017_x264_58,Shooting,10,1
G:\event_frame_duration533326\event_frame_duration533326\Normal_Videos\Normal_Videos046_x264_1685.npz,Normal_Videos046_x264_1685,Normal_Videos,7,0
G:\event_frame_duration533326\event_frame_duration533326\RoadAccidents\RoadAccidents151_x264_51.npz,RoadAccidents151_x264_51,RoadAccidents,8,1
G:\event_frame_duration533326\event_frame_duration533326\Robbery\Robbery066_x264_298.npz,Robbery066_x264_298,Robbery,9,1
G:\event_frame_duration533326\event_frame_duration533326\Normal_Videos\Normal_Videos411_x264_57.npz,Normal_Videos411_x264_57,Normal_Videos,7,0
G:\event_frame_duration533326\event_frame_duration533326\Normal_Videos\Normal_Videos668_x264_174.npz,Normal_Videos668_x264_174,Normal_Videos,7,0
G:\event_frame_duration533326\event_frame_duration533326\Robbery\Robbery027_x264_337.npz,Robbery027_x264_337,Robbery,9,1
G:\event_frame_duration533326\event_frame_duration533326\Robbery\Robbery082_x264_98.npz,Robbery082_x264_98,Robbery,9,1
G:\event_frame_duration533326\event_frame_duration533326\Normal_Videos\Normal_Videos231_x264_529.npz,Normal_Videos231_x264_529,Normal_Videos,7,0
G:\event_frame_duration533326\event_frame_duration533326\Normal_Videos\Normal_Videos430_x264_49.npz,Normal_Videos430_x264_49,Normal_Videos,7,0
G:\event_frame_duration533326\event_frame_duration533326\Normal_Videos\Normal_Videos709_x264_268.npz,Normal_Videos709_x264_268,Normal_Videos,7,0
G:\event_frame_duration533326\event_frame_duration533326\Robbery\Robbery034_x264_395.npz,Robbery034_x264_395,Robbery,9,1
G:\event_frame_duration533326\event_frame_duration533326\Normal_Videos\Normal_Videos841_x264_18.npz,Normal_Videos841_x264_18,Normal_Videos,7,0
G:\event_frame_duration533326\event_frame_duration533326\RoadAccidents\RoadAccidents082_x264_85.npz,RoadAccidents082_x264_85,RoadAccidents,8,1
G:\event_frame_duration533326\event_frame_duration533326\Normal_Videos\Normal_Videos346_x264_335.npz,Normal_Videos346_x264_335,Normal_Videos,7,0
G:\event_frame_duration533326\event_frame_duration533326\Normal_Videos\Normal_Videos204_x264_50.npz,Normal_Videos204_x264_50,Normal_Videos,7,0
G:\event_frame_duration533326\event_frame_duration533326\Normal_Videos\Normal_Videos614_x264_152.npz,Normal_Videos614_x264_152,Normal_Videos,7,0
G:\event_frame_duration533326\event_frame_duration533326\Normal_Videos\Normal_Videos808_x264_168.npz,Normal_Videos808_x264_168,Normal_Videos,7,0
G:\event_frame_duration533326\event_frame_duration533326\Normal_Videos\Normal_Videos742_x264_74.npz,Normal_Videos742_x264_74,Normal_Videos,7,0
G:\event_frame_duration533326\event_frame_duration533326\Abuse\Abuse032_x264_292.npz,Abuse032_x264_292,Abuse,0,1
G:\event_frame_duration533326\event_frame_duration533326\Abuse\Abuse025_x264_126.npz,Abuse025_x264_126,Abuse,0,1
G:\event_frame_duration533326\event_frame_duration533326\Stealing\Stealing094_x264npz_243.npz,Stealing094_x264npz_243,Stealing,12,1
G:\event_frame_duration533326\event_frame_duration533326\Normal_Videos\Normal_Videos535_x264_226.npz,Normal_Videos535_x264_226,Normal_Videos,7,0
G:\event_frame_duration533326\event_frame_duration533326\Normal_Videos\Normal_Videos846_x264_111.npz,Normal_Videos846_x264_111,Normal_Videos,7,0
G:\event_frame_duration533326\event_frame_duration533326\Normal_Videos\Normal_Videos578_x264_275.npz,Normal_Videos578_x264_275,Normal_Videos,7,0
G:\event_frame_duration533326\event_frame_duration533326\Normal_Videos\Normal_Videos200_x264_230.npz,Normal_Videos200_x264_230,Normal_Videos,7,0
G:\event_frame_duration533326\event_frame_duration533326\Burglary\Burglary056_x264_86.npz,Burglary056_x264_86,Burglary,4,1
G:\event_frame_duration533326\event_frame_duration533326\Burglary\Burglary075_x264_974.npz,Burglary075_x264_974,Burglary,4,1
G:\event_frame_duration533326\event_frame_duration533326\Normal_Videos\Normal_Videos949_x264_68.npz,Normal_Videos949_x264_68,Normal_Videos,7,0
G:\event_frame_duration533326\event_frame_duration533326\Arrest\Arrest036_x264_238.npz,Arrest036_x264_238,Arrest,1,1
G:\event_frame_duration533326\event_frame_duration533326\Arson\Arson052_x264_297.npz,Arson052_x264_297,Arson,2,1
G:\event_frame_duration533326\event_frame_duration533326\Normal_Videos\Normal_Videos097_x264_295.npz,Normal_Videos097_x264_295,Normal_Videos,7,0
G:\event_frame_duration533326\event_frame_duration533326\Normal_Videos\Normal_Videos527_x264_71.npz,Normal_Videos527_x264_71,Normal_Videos,7,0
G:\event_frame_duration533326\event_frame_duration533326\Fighting\Fighting034_x264_391.npz,Fighting034_x264_391,Fighting,6,1
G:\event_frame_duration533326\event_frame_duration533326\Normal_Videos\Normal_Videos674_x264_348.npz,Normal_Videos674_x264_348,Normal_Videos,7,0
G:\event_frame_duration533326\event_frame_duration533326\Normal_Videos\Normal_Videos627_x264_140.npz,Normal_Videos627_x264_140,Normal_Videos,7,0
G:\event_frame_duration533326\event_frame_duration533326\Normal_Videos\Normal_Videos640_x264_113.npz,Normal_Videos640_x264_113,Normal_Videos,7,0
G:\event_frame_duration533326\event_frame_duration533326\Normal_Videos\Normal_Videos154_x264_45.npz,Normal_Videos154_x264_45,Normal_Videos,7,0
G:\event_frame_duration533326\event_frame_duration533326\Stealing\Stealing022_x264_153.npz,Stealing022_x264_153,Stealing,12,1
G:\event_frame_duration533326\event_frame_duration533326\Robbery\Robbery132_x264_40.npz,Robbery132_x264_40,Robbery,9,1
G:\event_frame_duration533326\event_frame_duration533326\Explosion\Explosion032_x264_131.npz,Explosion032_x264_131,Explosion,5,1
G:\event_frame_duration533326\event_frame_duration533326\Assualt\Assault031_x264_46.npz,Assault031_x264_46,Assault,3,1
G:\event_frame_duration533326\event_frame_duration533326\Normal_Videos\Normal_Videos187_x264_561.npz,Normal_Videos187_x264_561,Normal_Videos,7,0
G:\event_frame_duration533326\event_frame_duration533326\Normal_Videos\Normal_Videos381_x264_147.npz,Normal_Videos381_x264_147,Normal_Videos,7,0
G:\event_frame_duration533326\event_frame_duration533326\Robbery\Robbery040_x264_65.npz,Robbery040_x264_65,Robbery,9,1
G:\event_frame_duration533326\event_frame_duration533326\Stealing\Stealing020_x264_412.npz,Stealing020_x264_412,Stealing,12,1
G:\event_frame_duration533326\event_frame_duration533326\Explosion\Explosion005_x264_42.npz,Explosion005_x264_42,Explosion,5,1
G:\event_frame_duration533326\event_frame_duration533326\Normal_Videos\Normal_Videos286_x264_19.npz,Normal_Videos286_x264_19,Normal_Videos,7,0
G:\event_frame_duration533326\event_frame_duration533326\Assualt\Assault038_x264_8.npz,Assault038_x264_8,Assault,3,1
G:\event_frame_duration533326\event_frame_duration533326\Normal_Videos\Normal_Videos138_x264_8009_5.npz,Normal_Videos138_x264_8009_5,Normal_Videos,7,0
G:\event_frame_duration533326\event_frame_duration533326\Normal_Videos\Normal_Videos810_x264_168.npz,Normal_Videos810_x264_168,Normal_Videos,7,0
G:\event_frame_duration533326\event_frame_duration533326\Normal_Videos\Normal_Videos644_x264_90.npz,Normal_Videos644_x264_90,Normal_Videos,7,0
G:\event_frame_duration533326\event_frame_duration533326\Normal_Videos\Normal_Videos564_x264_954.npz,Normal_Videos564_x264_954,Normal_Videos,7,0
G:\event_frame_duration533326\event_frame_duration533326\Normal_Videos\Normal_Videos153_x264_499.npz,Normal_Videos153_x264_499,Normal_Videos,7,0
G:\event_frame_duration533326\event_frame_duration533326\Abuse\Abuse044_x264_244.npz,Abuse044_x264_244,Abuse,0,1
G:\event_frame_duration533326\event_frame_duration533326\Normal_Videos\Normal_Videos821_x264_161.npz,Normal_Videos821_x264_161,Normal_Videos,7,0
G:\event_frame_duration533326\event_frame_duration533326\RoadAccidents\RoadAccidents143_x264_55.npz,RoadAccidents143_x264_55,RoadAccidents,8,1
G:\event_frame_duration533326\event_frame_duration533326\Robbery\Robbery030_x264_185.npz,Robbery030_x264_185,Robbery,9,1
G:\event_frame_duration533326\event_frame_duration533326\Normal_Videos\Normal_Videos716_x264_1733.npz,Normal_Videos716_x264_1733,Normal_Videos,7,0
G:\event_frame_duration533326\event_frame_duration533326\Burglary\Burglary068_x264_40.npz,Burglary068_x264_40,Burglary,4,1
G:\event_frame_duration533326\event_frame_duration533326\Abuse\Abuse039_x264_882.npz,Abuse039_x264_882,Abuse,0,1
G:\event_frame_duration533326\event_frame_duration533326\Robbery\Robbery032_x264_337.npz,Robbery032_x264_337,Robbery,9,1
G:\event_frame_duration533326\event_frame_duration533326\Stealing\Stealing059_x264_139.npz,Stealing059_x264_139,Stealing,12,1
G:\event_frame_duration533326\event_frame_duration533326\Burglary\Burglary030_x264_54.npz,Burglary030_x264_54,Burglary,4,1
G:\event_frame_duration533326\event_frame_duration533326\RoadAccidents\RoadAccidents147_x264npz_662.npz,RoadAccidents147_x264npz_662,RoadAccidents,8,1
G:\event_frame_duration533326\event_frame_duration533326\Normal_Videos\Normal_Videos229_x264_113.npz,Normal_Videos229_x264_113,Normal_Videos,7,0
G:\event_frame_duration533326\event_frame_duration533326\Stealing\Stealing051_x264_207.npz,Stealing051_x264_207,Stealing,12,1
G:\event_frame_duration533326\event_frame_duration533326\Stealing\Stealing057_x264_188.npz,Stealing057_x264_188,Stealing,12,1
G:\event_frame_duration533326\event_frame_duration533326\RoadAccidents\RoadAccidents108_x264_286.npz,RoadAccidents108_x264_286,RoadAccidents,8,1
G:\event_frame_duration533326\event_frame_duration533326\Stealing\Stealing031_x264_67.npz,Stealing031_x264_67,Stealing,12,1
G:\event_frame_duration533326\event_frame_duration533326\Normal_Videos\Normal_Videos113_x264_42.npz,Normal_Videos113_x264_42,Normal_Videos,7,0
G:\event_frame_duration533326\event_frame_duration533326\Burglary\Burglary049_x264_575.npz,Burglary049_x264_575,Burglary,4,1
G:\event_frame_duration533326\event_frame_duration533326\Normal_Videos\Normal_Videos422_x264_99.npz,Normal_Videos422_x264_99,Normal_Videos,7,0
G:\event_frame_duration533326\event_frame_duration533326\Shooting\Shooting036_x264_239.npz,Shooting036_x264_239,Shooting,10,1
G:\event_frame_duration533326\event_frame_duration533326\Fighting\Fighting028_x264_151.npz,Fighting028_x264_151,Fighting,6,1
G:\event_frame_duration533326\event_frame_duration533326\RoadAccidents\RoadAccidents070_x264_39.npz,RoadAccidents070_x264_39,RoadAccidents,8,1
G:\event_frame_duration533326\event_frame_duration533326\Robbery\Robbery037_x264_545.npz,Robbery037_x264_545,Robbery,9,1
G:\event_frame_duration533326\event_frame_duration533326\Normal_Videos\Normal_Videos261_x264_223.npz,Normal_Videos261_x264_223,Normal_Videos,7,0
G:\event_frame_duration533326\event_frame_duration533326\Normal_Videos\Normal_Videos356_x264_39.npz,Normal_Videos356_x264_39,Normal_Videos,7,0
G:\event_frame_duration533326\event_frame_duration533326\Normal_Videos\Normal_Videos485_x264_71.npz,Normal_Videos485_x264_71,Normal_Videos,7,0
G:\event_frame_duration533326\event_frame_duration533326\Normal_Videos\Normal_Videos045_x264_95.npz,Normal_Videos045_x264_95,Normal_Videos,7,0
G:\event_frame_duration533326\event_frame_duration533326\Robbery\Robbery142_x264_156.npz,Robbery142_x264_156,Robbery,9,1
G:\event_frame_duration533326\event_frame_duration533326\Fighting\Fighting036_x264_236.npz,Fighting036_x264_236,Fighting,6,1
G:\event_frame_duration533326\event_frame_duration533326\Fighting\Fighting021_x264_222.npz,Fighting021_x264_222,Fighting,6,1
G:\event_frame_duration533326\event_frame_duration533326\Assualt\Assault033_x264_78.npz,Assault033_x264_78,Assault,3,1
G:\event_frame_duration533326\event_frame_duration533326\Normal_Videos\Normal_Videos058_x264_61.npz,Normal_Videos058_x264_61,Normal_Videos,7,0
G:\event_frame_duration533326\event_frame_duration533326\Normal_Videos\Normal_Videos788_x264_66.npz,Normal_Videos788_x264_66,Normal_Videos,7,0
G:\event_frame_duration533326\event_frame_duration533326\Normal_Videos\Normal_Videos278_x264_120.npz,Normal_Videos278_x264_120,Normal_Videos,7,0
G:\event_frame_duration533326\event_frame_duration533326\Fighting\Fighting051_x264_409.npz,Fighting051_x264_409,Fighting,6,1
G:\event_frame_duration533326\event_frame_duration533326\RoadAccidents\RoadAccidents138_x264_60.npz,RoadAccidents138_x264_60,RoadAccidents,8,1
G:\event_frame_duration533326\event_frame_duration533326\Normal_Videos\Normal_Videos138_x264_8009_15.npz,Normal_Videos138_x264_8009_15,Normal_Videos,7,0
G:\event_frame_duration533326\event_frame_duration533326\Normal_Videos\Normal_Videos324_x264_164.npz,Normal_Videos324_x264_164,Normal_Videos,7,0
G:\event_frame_duration533326\event_frame_duration533326\Burglary\Burglary063_x264_265.npz,Burglary063_x264_265,Burglary,4,1
G:\event_frame_duration533326\event_frame_duration533326\Normal_Videos\Normal_Videos457_x264_109.npz,Normal_Videos457_x264_109,Normal_Videos,7,0
G:\event_frame_duration533326\event_frame_duration533326\Arson\Arson023_x264_83.npz,Arson023_x264_83,Arson,2,1
G:\event_frame_duration533326\event_frame_duration533326\Normal_Videos\Normal_Videos809_x264_168.npz,Normal_Videos809_x264_168,Normal_Videos,7,0
G:\event_frame_duration533326\event_frame_duration533326\Normal_Videos\Normal_Videos321_x264_27.npz,Normal_Videos321_x264_27,Normal_Videos,7,0
G:\event_frame_duration533326\event_frame_duration533326\Stealing\Stealing035_x264_698.npz,Stealing035_x264_698,Stealing,12,1
G:\event_frame_duration533326\event_frame_duration533326\Normal_Videos\Normal_Videos671_x264_59.npz,Normal_Videos671_x264_59,Normal_Videos,7,0
G:\event_frame_duration533326\event_frame_duration533326\Normal_Videos\Normal_Videos629_x264_284.npz,Normal_Videos629_x264_284,Normal_Videos,7,0
G:\event_frame_duration533326\event_frame_duration533326\Assualt\Assault037_x264_199.npz,Assault037_x264_199,Assault,3,1
G:\event_frame_duration533326\event_frame_duration533326\RoadAccidents\RoadAccidents005_x264_13.npz,RoadAccidents005_x264_13,RoadAccidents,8,1
G:\event_frame_duration533326\event_frame_duration533326\Normal_Videos\Normal_Videos413_x264_151.npz,Normal_Videos413_x264_151,Normal_Videos,7,0
G:\event_frame_duration533326\event_frame_duration533326\Normal_Videos\Normal_Videos779_x264_24.npz,Normal_Videos779_x264_24,Normal_Videos,7,0
G:\event_frame_duration533326\event_frame_duration533326\Robbery\Robbery121_x264_87.npz,Robbery121_x264_87,Robbery,9,1
G:\event_frame_duration533326\event_frame_duration533326\Vandalism\Vandalism001_x264_89.npz,Vandalism001_x264_89,Vandalism,13,1
G:\event_frame_duration533326\event_frame_duration533326\Normal_Videos\Normal_Videos144_x264_542.npz,Normal_Videos144_x264_542,Normal_Videos,7,0
G:\event_frame_duration533326\event_frame_duration533326\Robbery\Robbery092_x264_52.npz,Robbery092_x264_52,Robbery,9,1
G:\event_frame_duration533326\event_frame_duration533326\Normal_Videos\Normal_Videos438_x264_35.npz,Normal_Videos438_x264_35,Normal_Videos,7,0
G:\event_frame_duration533326\event_frame_duration533326\Normal_Videos\Normal_Videos733_x264_80.npz,Normal_Videos733_x264_80,Normal_Videos,7,0
G:\event_frame_duration533326\event_frame_duration533326\Normal_Videos\Normal_Videos814_x264_167.npz,Normal_Videos814_x264_167,Normal_Videos,7,0
G:\event_frame_duration533326\event_frame_duration533326\RoadAccidents\RoadAccidents137_x264_62.npz,RoadAccidents137_x264_62,RoadAccidents,8,1
G:\event_frame_duration533326\event_frame_duration533326\Stealing\Stealing042_x264npz_262.npz,Stealing042_x264npz_262,Stealing,12,1
G:\event_frame_duration533326\event_frame_duration533326\Normal_Videos\Normal_Videos555_x264_52.npz,Normal_Videos555_x264_52,Normal_Videos,7,0
G:\event_frame_duration533326\event_frame_duration533326\RoadAccidents\RoadAccidents031_x264_136.npz,RoadAccidents031_x264_136,RoadAccidents,8,1
G:\event_frame_duration533326\event_frame_duration533326\Burglary\Burglary071_x264_222.npz,Burglary071_x264_222,Burglary,4,1
G:\event_frame_duration533326\event_frame_duration533326\Assualt\Assault004_x264_199.npz,Assault004_x264_199,Assault,3,1
G:\event_frame_duration533326\event_frame_duration533326\Explosion\Explosion030_x264_202.npz,Explosion030_x264_202,Explosion,5,1
G:\event_frame_duration533326\event_frame_duration533326\Normal_Videos\Normal_Videos570_x264_52.npz,Normal_Videos570_x264_52,Normal_Videos,7,0
G:\event_frame_duration533326\event_frame_duration533326\Normal_Videos\Normal_Videos299_x264_87.npz,Normal_Videos299_x264_87,Normal_Videos,7,0
G:\event_frame_duration533326\event_frame_duration533326\Normal_Videos\Normal_Videos795_x264_829.npz,Normal_Videos795_x264_829,Normal_Videos,7,0
G:\event_frame_duration533326\event_frame_duration533326\Robbery\Robbery072_x264_86.npz,Robbery072_x264_86,Robbery,9,1
G:\event_frame_duration533326\event_frame_duration533326\Assualt\Assault018_x264_22.npz,Assault018_x264_22,Assault,3,1
G:\event_frame_duration533326\event_frame_duration533326\Normal_Videos\Normal_Videos488_x264_72.npz,Normal_Videos488_x264_72,Normal_Videos,7,0
G:\event_frame_duration533326\event_frame_duration533326\Normal_Videos\Normal_Videos574_x264_618.npz,Normal_Videos574_x264_618,Normal_Videos,7,0
G:\event_frame_duration533326\event_frame_duration533326\Normal_Videos\Normal_Videos811_x264_167.npz,Normal_Videos811_x264_167,Normal_Videos,7,0
G:\event_frame_duration533326\event_frame_duration533326\Arson\Arson020_x264_149.npz,Arson020_x264_149,Arson,2,1
G:\event_frame_duration533326\event_frame_duration533326\Normal_Videos\Normal_Videos542_x264_394.npz,Normal_Videos542_x264_394,Normal_Videos,7,0
G:\event_frame_duration533326\event_frame_duration533326\Normal_Videos\Normal_Videos169_x264_96.npz,Normal_Videos169_x264_96,Normal_Videos,7,0
G:\event_frame_duration533326\event_frame_duration533326\Normal_Videos\Normal_Videos421_x264_160.npz,Normal_Videos421_x264_160,Normal_Videos,7,0
G:\event_frame_duration533326\event_frame_duration533326\Normal_Videos\Normal_Videos655_x264_460.npz,Normal_Videos655_x264_460,Normal_Videos,7,0
G:\event_frame_duration533326\event_frame_duration533326\Normal_Videos\Normal_Videos672_x264_119.npz,Normal_Videos672_x264_119,Normal_Videos,7,0
G:\event_frame_duration533326\event_frame_duration533326\Normal_Videos\Normal_Videos206_x264_670.npz,Normal_Videos206_x264_670,Normal_Videos,7,0
G:\event_frame_duration533326\event_frame_duration533326\Stealing\Stealing091_x264_37.npz,Stealing091_x264_37,Stealing,12,1
G:\event_frame_duration533326\event_frame_duration533326\Vandalism\Vandalism012_x264_52.npz,Vandalism012_x264_52,Vandalism,13,1
G:\event_frame_duration533326\event_frame_duration533326\Normal_Videos\Normal_Videos257_x264_87.npz,Normal_Videos257_x264_87,Normal_Videos,7,0
G:\event_frame_duration533326\event_frame_duration533326\Normal_Videos\Normal_Videos263_x264_111.npz,Normal_Videos263_x264_111,Normal_Videos,7,0
G:\event_frame_duration533326\event_frame_duration533326\Normal_Videos\Normal_Videos202_x264_155.npz,Normal_Videos202_x264_155,Normal_Videos,7,0
G:\event_frame_duration533326\event_frame_duration533326\Normal_Videos\Normal_Videos267_x264_204.npz,Normal_Videos267_x264_204,Normal_Videos,7,0
G:\event_frame_duration533326\event_frame_duration533326\Burglary\Burglary031_x264_389.npz,Burglary031_x264_389,Burglary,4,1
G:\event_frame_duration533326\event_frame_duration533326\Robbery\Robbery001_x264npz_62.npz,Robbery001_x264npz_62,Robbery,9,1
G:\event_frame_duration533326\event_frame_duration533326\Normal_Videos\Normal_Videos140_x264_111.npz,Normal_Videos140_x264_111,Normal_Videos,7,0
G:\event_frame_duration533326\event_frame_duration533326\Normal_Videos\Normal_Videos862_x264_98.npz,Normal_Videos862_x264_98,Normal_Videos,7,0
G:\event_frame_duration533326\event_frame_duration533326\Explosion\Explosion003_x264_35.npz,Explosion003_x264_35,Explosion,5,1
G:\event_frame_duration533326\event_frame_duration533326\Burglary\Burglary023_x264_620.npz,Burglary023_x264_620,Burglary,4,1
G:\event_frame_duration533326\event_frame_duration533326\RoadAccidents\RoadAccidents046_x264_41.npz,RoadAccidents046_x264_41,RoadAccidents,8,1
G:\event_frame_duration533326\event_frame_duration533326\Normal_Videos\Normal_Videos685_x264_80.npz,Normal_Videos685_x264_80,Normal_Videos,7,0
G:\event_frame_duration533326\event_frame_duration533326\Normal_Videos\Normal_Videos759_x264_55.npz,Normal_Videos759_x264_55,Normal_Videos,7,0
G:\event_frame_duration533326\event_frame_duration533326\RoadAccidents\RoadAccidents078_x264_418.npz,RoadAccidents078_x264_418,RoadAccidents,8,1
G:\event_frame_duration533326\event_frame_duration533326\Robbery\Robbery123_x264_66.npz,Robbery123_x264_66,Robbery,9,1
G:\event_frame_duration533326\event_frame_duration533326\RoadAccidents\RoadAccidents041_x264_14.npz,RoadAccidents041_x264_14,RoadAccidents,8,1
G:\event_frame_duration533326\event_frame_duration533326\Shooting\Shooting027_x264_44.npz,Shooting027_x264_44,Shooting,10,1
G:\event_frame_duration533326\event_frame_duration533326\Stealing\Stealing021_x264_256.npz,Stealing021_x264_256,Stealing,12,1
G:\event_frame_duration533326\event_frame_duration533326\Arrest\Arrest050_x264_443.npz,Arrest050_x264_443,Arrest,1,1
G:\event_frame_duration533326\event_frame_duration533326\Normal_Videos\Normal_Videos531_x264_346.npz,Normal_Videos531_x264_346,Normal_Videos,7,0
G:\event_frame_duration533326\event_frame_duration533326\Normal_Videos\Normal_Videos220_x264_170.npz,Normal_Videos220_x264_170,Normal_Videos,7,0
G:\event_frame_duration533326\event_frame_duration533326\Robbery\Robbery100_x264_280.npz,Robbery100_x264_280,Robbery,9,1
G:\event_frame_duration533326\event_frame_duration533326\Normal_Videos\Normal_Videos763_x264_226.npz,Normal_Videos763_x264_226,Normal_Videos,7,0
G:\event_frame_duration533326\event_frame_duration533326\Assualt\Assault023_x264_61.npz,Assault023_x264_61,Assault,3,1
G:\event_frame_duration533326\event_frame_duration533326\Stealing\Stealing003_x264_223.npz,Stealing003_x264_223,Stealing,12,1
G:\event_frame_duration533326\event_frame_duration533326\Stealing\Stealing002_x264npz_220.npz,Stealing002_x264npz_220,Stealing,12,1
G:\event_frame_duration533326\event_frame_duration533326\Arson\Arson028_x264_149.npz,Arson028_x264_149,Arson,2,1
G:\event_frame_duration533326\event_frame_duration533326\Assualt\Assault050_x264_37.npz,Assault050_x264_37,Assault,3,1
G:\event_frame_duration533326\event_frame_duration533326\Normal_Videos\Normal_Videos446_x264_29.npz,Normal_Videos446_x264_29,Normal_Videos,7,0
G:\event_frame_duration533326\event_frame_duration533326\Normal_Videos\Normal_Videos735_x264_70.npz,Normal_Videos735_x264_70,Normal_Videos,7,0
G:\event_frame_duration533326\event_frame_duration533326\Normal_Videos\Normal_Videos720_x264_580.npz,Normal_Videos720_x264_580,Normal_Videos,7,0
G:\event_frame_duration533326\event_frame_duration533326\Normal_Videos\Normal_Videos218_x264_76.npz,Normal_Videos218_x264_76,Normal_Videos,7,0
G:\event_frame_duration533326\event_frame_duration533326\Normal_Videos\Normal_Videos824_x264_84.npz,Normal_Videos824_x264_84,Normal_Videos,7,0
G:\event_frame_duration533326\event_frame_duration533326\Normal_Videos\Normal_Videos502_x264_56.npz,Normal_Videos502_x264_56,Normal_Videos,7,0
G:\event_frame_duration533326\event_frame_duration533326\Normal_Videos\Normal_Videos554_x264_199.npz,Normal_Videos554_x264_199,Normal_Videos,7,0
G:\event_frame_duration533326\event_frame_duration533326\Explosion\Explosion006_x264_118.npz,Explosion006_x264_118,Explosion,5,1
G:\event_frame_duration533326\event_frame_duration533326\Explosion\Explosion044_x264_44.npz,Explosion044_x264_44,Explosion,5,1
G:\event_frame_duration533326\event_frame_duration533326\Explosion\Explosion012_x264_44.npz,Explosion012_x264_44,Explosion,5,1
G:\event_frame_duration533326\event_frame_duration533326\Stealing\Stealing025_x264_1362.npz,Stealing025_x264_1362,Stealing,12,1
G:\event_frame_duration533326\event_frame_duration533326\Normal_Videos\Normal_Videos117_x264_72.npz,Normal_Videos117_x264_72,Normal_Videos,7,0
G:\event_frame_duration533326\event_frame_duration533326\Assualt\Assault022_x264_156.npz,Assault022_x264_156,Assault,3,1
G:\event_frame_duration533326\event_frame_duration533326\Arrest\Arrest006_x264_193.npz,Arrest006_x264_193,Arrest,1,1
G:\event_frame_duration533326\event_frame_duration533326\Abuse\Abuse022_x264_176.npz,Abuse022_x264_176,Abuse,0,1
G:\event_frame_duration533326\event_frame_duration533326\Normal_Videos\Normal_Videos403_x264_25.npz,Normal_Videos403_x264_25,Normal_Videos,7,0
G:\event_frame_duration533326\event_frame_duration533326\Shoplifting\Shoplifting032_x264_88.npz,Shoplifting032_x264_88,Shoplifting,11,1
G:\event_frame_duration533326\event_frame_duration533326\Stealing\Stealing078_x264_161.npz,Stealing078_x264_161,Stealing,12,1
G:\event_frame_duration533326\event_frame_duration533326\Normal_Videos\Normal_Videos756_x264_38.npz,Normal_Videos756_x264_38,Normal_Videos,7,0
G:\event_frame_duration533326\event_frame_duration533326\Normal_Videos\Normal_Videos235_x264_139.npz,Normal_Videos235_x264_139,Normal_Videos,7,0
G:\event_frame_duration533326\event_frame_duration533326\Normal_Videos\Normal_Videos623_x264_655.npz,Normal_Videos623_x264_655,Normal_Videos,7,0
G:\event_frame_duration533326\event_frame_duration533326\Robbery\Robbery005_x264_172.npz,Robbery005_x264_172,Robbery,9,1
G:\event_frame_duration533326\event_frame_duration533326\RoadAccidents\RoadAccidents139_x264_227.npz,RoadAccidents139_x264_227,RoadAccidents,8,1
G:\event_frame_duration533326\event_frame_duration533326\RoadAccidents\RoadAccidents035_x264npz_17.npz,RoadAccidents035_x264npz_17,RoadAccidents,8,1
G:\event_frame_duration533326\event_frame_duration533326\Burglary\Burglary027_x264_194.npz,Burglary027_x264_194,Burglary,4,1
G:\event_frame_duration533326\event_frame_duration533326\Normal_Videos\Normal_Videos726_x264_106.npz,Normal_Videos726_x264_106,Normal_Videos,7,0
G:\event_frame_duration533326\event_frame_duration533326\Robbery\Robbery077_x264_70.npz,Robbery077_x264_70,Robbery,9,1
G:\event_frame_duration533326\event_frame_duration533326\Normal_Videos\Normal_Videos776_x264_512.npz,Normal_Videos776_x264_512,Normal_Videos,7,0
G:\event_frame_duration533326\event_frame_duration533326\Robbery\Robbery111_x264_356.npz,Robbery111_x264_356,Robbery,9,1
G:\event_frame_duration533326\event_frame_duration533326\Burglary\Burglary051_x264_78.npz,Burglary051_x264_78,Burglary,4,1
G:\event_frame_duration533326\event_frame_duration533326\Normal_Videos\Normal_Videos646_x264_232.npz,Normal_Videos646_x264_232,Normal_Videos,7,0
G:\event_frame_duration533326\event_frame_duration533326\Normal_Videos\Normal_Videos060_x264_191.npz,Normal_Videos060_x264_191,Normal_Videos,7,0
G:\event_frame_duration533326\event_frame_duration533326\Burglary\Burglary058_x264_713.npz,Burglary058_x264_713,Burglary,4,1
G:\event_frame_duration533326\event_frame_duration533326\Abuse\Abuse037_x264_109.npz,Abuse037_x264_109,Abuse,0,1
G:\event_frame_duration533326\event_frame_duration533326\Normal_Videos\Normal_Videos052_x264_19.npz,Normal_Videos052_x264_19,Normal_Videos,7,0
G:\event_frame_duration533326\event_frame_duration533326\Normal_Videos\Normal_Videos605_x264_238.npz,Normal_Videos605_x264_238,Normal_Videos,7,0
G:\event_frame_duration533326\event_frame_duration533326\Normal_Videos\Normal_Videos399_x264_212.npz,Normal_Videos399_x264_212,Normal_Videos,7,0
G:\event_frame_duration533326\event_frame_duration533326\Normal_Videos\Normal_Videos917_x264_61.npz,Normal_Videos917_x264_61,Normal_Videos,7,0
G:\event_frame_duration533326\event_frame_duration533326\Normal_Videos\Normal_Videos123_x264_1384.npz,Normal_Videos123_x264_1384,Normal_Videos,7,0
G:\event_frame_duration533326\event_frame_duration533326\Assualt\Assault048_x264_111.npz,Assault048_x264_111,Assault,3,1
G:\event_frame_duration533326\event_frame_duration533326\Normal_Videos\Normal_Videos380_x264_200.npz,Normal_Videos380_x264_200,Normal_Videos,7,0
G:\event_frame_duration533326\event_frame_duration533326\Robbery\Robbery134_x264_38.npz,Robbery134_x264_38,Robbery,9,1
G:\event_frame_duration533326\event_frame_duration533326\Stealing\Stealing070_x264_83.npz,Stealing070_x264_83,Stealing,12,1
G:\event_frame_duration533326\event_frame_duration533326\RoadAccidents\RoadAccidents008_x264_82.npz,RoadAccidents008_x264_82,RoadAccidents,8,1
G:\event_frame_duration533326\event_frame_duration533326\Robbery\Robbery103_x264_136.npz,Robbery103_x264_136,Robbery,9,1
G:\event_frame_duration533326\event_frame_duration533326\Burglary\Burglary048_x264_102.npz,Burglary048_x264_102,Burglary,4,1
G:\event_frame_duration533326\event_frame_duration533326\Normal_Videos\Normal_Videos748_x264_45.npz,Normal_Videos748_x264_45,Normal_Videos,7,0
G:\event_frame_duration533326\event_frame_duration533326\Robbery\Robbery051_x264_99.npz,Robbery051_x264_99,Robbery,9,1
G:\event_frame_duration533326\event_frame_duration533326\Burglary\Burglary073_x264_172.npz,Burglary073_x264_172,Burglary,4,1
G:\event_frame_duration533326\event_frame_duration533326\Normal_Videos\Normal_Videos151_x264_347.npz,Normal_Videos151_x264_347,Normal_Videos,7,0
G:\event_frame_duration533326\event_frame_duration533326\RoadAccidents\RoadAccidents096_x264_44.npz,RoadAccidents096_x264_44,RoadAccidents,8,1
G:\event_frame_duration533326\event_frame_duration533326\Shooting\Shooting006_x264_816.npz,Shooting006_x264_816,Shooting,10,1
G:\event_frame_duration533326\event_frame_duration533326\Normal_Videos\Normal_Videos455_x264_36.npz,Normal_Videos455_x264_36,Normal_Videos,7,0
G:\event_frame_duration533326\event_frame_duration533326\Vandalism\Vandalism011_x264_777.npz,Vandalism011_x264_777,Vandalism,13,1
G:\event_frame_duration533326\event_frame_duration533326\RoadAccidents\RoadAccidents090_x264_111.npz,RoadAccidents090_x264_111,RoadAccidents,8,1
G:\event_frame_duration533326\event_frame_duration533326\Normal_Videos\Normal_Videos295_x264_51.npz,Normal_Videos295_x264_51,Normal_Videos,7,0
G:\event_frame_duration533326\event_frame_duration533326\Burglary\Burglary050_x264_70.npz,Burglary050_x264_70,Burglary,4,1
G:\event_frame_duration533326\event_frame_duration533326\RoadAccidents\RoadAccidents068_x264_111.npz,RoadAccidents068_x264_111,RoadAccidents,8,1
G:\event_frame_duration533326\event_frame_duration533326\Fighting\Fighting035_x264_59.npz,Fighting035_x264_59,Fighting,6,1
G:\event_frame_duration533326\event_frame_duration533326\Vandalism\Vandalism014_x264_26.npz,Vandalism014_x264_26,Vandalism,13,1
G:\event_frame_duration533326\event_frame_duration533326\Stealing\Stealing055_x264_100.npz,Stealing055_x264_100,Stealing,12,1
G:\event_frame_duration533326\event_frame_duration533326\RoadAccidents\RoadAccidents007_x264_68.npz,RoadAccidents007_x264_68,RoadAccidents,8,1
G:\event_frame_duration533326\event_frame_duration533326\Arrest\Arrest046_x264_489.npz,Arrest046_x264_489,Arrest,1,1
G:\event_frame_duration533326\event_frame_duration533326\Robbery\Robbery125_x264_442.npz,Robbery125_x264_442,Robbery,9,1
G:\event_frame_duration533326\event_frame_duration533326\RoadAccidents\RoadAccidents049_x264_45.npz,RoadAccidents049_x264_45,RoadAccidents,8,1
G:\event_frame_duration533326\event_frame_duration533326\Stealing\Stealing044_x264_200.npz,Stealing044_x264_200,Stealing,12,1
G:\event_frame_duration533326\event_frame_duration533326\Stealing\Stealing093_x264npz_76.npz,Stealing093_x264npz_76,Stealing,12,1
G:\event_frame_duration533326\event_frame_duration533326\RoadAccidents\RoadAccidents081_x264_67.npz,RoadAccidents081_x264_67,RoadAccidents,8,1
G:\event_frame_duration533326\event_frame_duration533326\Normal_Videos\Normal_Videos786_x264_355.npz,Normal_Videos786_x264_355,Normal_Videos,7,0
G:\event_frame_duration533326\event_frame_duration533326\Normal_Videos\Normal_Videos518_x264_134.npz,Normal_Videos518_x264_134,Normal_Videos,7,0
G:\event_frame_duration533326\event_frame_duration533326\Shoplifting\Shoplifting048_x264npz_194.npz,Shoplifting048_x264npz_194,Shoplifting,11,1
G:\event_frame_duration533326\event_frame_duration533326\Normal_Videos\Normal_Videos348_x264_87.npz,Normal_Videos348_x264_87,Normal_Videos,7,0
G:\event_frame_duration533326\event_frame_duration533326\Normal_Videos\Normal_Videos727_x264_70.npz,Normal_Videos727_x264_70,Normal_Videos,7,0
G:\event_frame_duration533326\event_frame_duration533326\Normal_Videos\Normal_Videos347_x264_117.npz,Normal_Videos347_x264_117,Normal_Videos,7,0
G:\event_frame_duration533326\event_frame_duration533326\Fighting\Fighting006_x264_58.npz,Fighting006_x264_58,Fighting,6,1
G:\event_frame_duration533326\event_frame_duration533326\Stealing\Stealing011_x264npz_231.npz,Stealing011_x264npz_231,Stealing,12,1
G:\event_frame_duration533326\event_frame_duration533326\Arson\Arson044_x264_73.npz,Arson044_x264_73,Arson,2,1
G:\event_frame_duration533326\event_frame_duration533326\Normal_Videos\Normal_Videos362_x264_43.npz,Normal_Videos362_x264_43,Normal_Videos,7,0
G:\event_frame_duration533326\event_frame_duration533326\Fighting\Fighting023_x264_63.npz,Fighting023_x264_63,Fighting,6,1
G:\event_frame_duration533326\event_frame_duration533326\Arson\Arson049_x264_24.npz,Arson049_x264_24,Arson,2,1
G:\event_frame_duration533326\event_frame_duration533326\Fighting\Fighting039_x264_425.npz,Fighting039_x264_425,Fighting,6,1
G:\event_frame_duration533326\event_frame_duration533326\Shoplifting\Shoplifting041_x264_770.npz,Shoplifting041_x264_770,Shoplifting,11,1
G:\event_frame_duration533326\event_frame_duration533326\Arson\Arson021_x264_88.npz,Arson021_x264_88,Arson,2,1
G:\event_frame_duration533326\event_frame_duration533326\Normal_Videos\Normal_Videos590_x264_562.npz,Normal_Videos590_x264_562,Normal_Videos,7,0
G:\event_frame_duration533326\event_frame_duration533326\RoadAccidents\RoadAccidents114_x264_106.npz,RoadAccidents114_x264_106,RoadAccidents,8,1
G:\event_frame_duration533326\event_frame_duration533326\Normal_Videos\Normal_Videos480_x264_138.npz,Normal_Videos480_x264_138,Normal_Videos,7,0
G:\event_frame_duration533326\event_frame_duration533326\Burglary\Burglary043_x264_32.npz,Burglary043_x264_32,Burglary,4,1
G:\event_frame_duration533326\event_frame_duration533326\Vandalism\Vandalism039_x264_55.npz,Vandalism039_x264_55,Vandalism,13,1
G:\event_frame_duration533326\event_frame_duration533326\Vandalism\Vandalism025_x264_268.npz,Vandalism025_x264_268,Vandalism,13,1
G:\event_frame_duration533326\event_frame_duration533326\Normal_Videos\Normal_Videos329_x264_94.npz,Normal_Videos329_x264_94,Normal_Videos,7,0
G:\event_frame_duration533326\event_frame_duration533326\Arson\Arson006_x264_174.npz,Arson006_x264_174,Arson,2,1
G:\event_frame_duration533326\event_frame_duration533326\Normal_Videos\Normal_Videos285_x264_119.npz,Normal_Videos285_x264_119,Normal_Videos,7,0
G:\event_frame_duration533326\event_frame_duration533326\Arson\Arson008_x264_75.npz,Arson008_x264_75,Arson,2,1
G:\event_frame_duration533326\event_frame_duration533326\Normal_Videos\Normal_Videos765_x264_59.npz,Normal_Videos765_x264_59,Normal_Videos,7,0
G:\event_frame_duration533326\event_frame_duration533326\Normal_Videos\Normal_Videos031_x264_207.npz,Normal_Videos031_x264_207,Normal_Videos,7,0
G:\event_frame_duration533326\event_frame_duration533326\Normal_Videos\Normal_Videos086_x264_211.npz,Normal_Videos086_x264_211,Normal_Videos,7,0
G:\event_frame_duration533326\event_frame_duration533326\Arrest\Arrest044_x264_211.npz,Arrest044_x264_211,Arrest,1,1
G:\event_frame_duration533326\event_frame_duration533326\Normal_Videos\Normal_Videos328_x264_93.npz,Normal_Videos328_x264_93,Normal_Videos,7,0
G:\event_frame_duration533326\event_frame_duration533326\Normal_Videos\Normal_Videos462_x264_219.npz,Normal_Videos462_x264_219,Normal_Videos,7,0
G:\event_frame_duration533326\event_frame_duration533326\Shooting\Shooting020_x264_318.npz,Shooting020_x264_318,Shooting,10,1
G:\event_frame_duration533326\event_frame_duration533326\Normal_Videos\Normal_Videos287_x264_112.npz,Normal_Videos287_x264_112,Normal_Videos,7,0
G:\event_frame_duration533326\event_frame_duration533326\Normal_Videos\Normal_Videos773_x264_191.npz,Normal_Videos773_x264_191,Normal_Videos,7,0
G:\event_frame_duration533326\event_frame_duration533326\Normal_Videos\Normal_Videos288_x264_219.npz,Normal_Videos288_x264_219,Normal_Videos,7,0
G:\event_frame_duration533326\event_frame_duration533326\Stealing\Stealing095_x264_46.npz,Stealing095_x264_46,Stealing,12,1
G:\event_frame_duration533326\event_frame_duration533326\Normal_Videos\Normal_Videos613_x264_370.npz,Normal_Videos613_x264_370,Normal_Videos,7,0
G:\event_frame_duration533326\event_frame_duration533326\Normal_Videos\Normal_Videos385_x264_142.npz,Normal_Videos385_x264_142,Normal_Videos,7,0
G:\event_frame_duration533326\event_frame_duration533326\Robbery\Robbery002_x264_199.npz,Robbery002_x264_199,Robbery,9,1
G:\event_frame_duration533326\event_frame_duration533326\Normal_Videos\Normal_Videos409_x264_230.npz,Normal_Videos409_x264_230,Normal_Videos,7,0
G:\event_frame_duration533326\event_frame_duration533326\Normal_Videos\Normal_Videos325_x264_101.npz,Normal_Videos325_x264_101,Normal_Videos,7,0
G:\event_frame_duration533326\event_frame_duration533326\Normal_Videos\Normal_Videos077_x264_174.npz,Normal_Videos077_x264_174,Normal_Videos,7,0
G:\event_frame_duration533326\event_frame_duration533326\Robbery\Robbery012_x264_46.npz,Robbery012_x264_46,Robbery,9,1
G:\event_frame_duration533326\event_frame_duration533326\Assualt\Assault013_x264_147.npz,Assault013_x264_147,Assault,3,1
G:\event_frame_duration533326\event_frame_duration533326\Normal_Videos\Normal_Videos699_x264_108.npz,Normal_Videos699_x264_108,Normal_Videos,7,0
G:\event_frame_duration533326\event_frame_duration533326\Burglary\Burglary040_x264_355.npz,Burglary040_x264_355,Burglary,4,1
G:\event_frame_duration533326\event_frame_duration533326\Shoplifting\Shoplifting050_x264_156.npz,Shoplifting050_x264_156,Shoplifting,11,1
G:\event_frame_duration533326\event_frame_duration533326\Normal_Videos\Normal_Videos567_x264_342.npz,Normal_Videos567_x264_342,Normal_Videos,7,0
G:\event_frame_duration533326\event_frame_duration533326\Normal_Videos\Normal_Videos639_x264_200.npz,Normal_Videos639_x264_200,Normal_Videos,7,0
G:\event_frame_duration533326\event_frame_duration533326\Normal_Videos\Normal_Videos192_x264_250.npz,Normal_Videos192_x264_250,Normal_Videos,7,0
G:\event_frame_duration533326\event_frame_duration533326\Abuse\Abuse033_x264_175.npz,Abuse033_x264_175,Abuse,0,1
G:\event_frame_duration533326\event_frame_duration533326\Shoplifting\Shoplifting051_x264_450.npz,Shoplifting051_x264_450,Shoplifting,11,1
G:\event_frame_duration533326\event_frame_duration533326\Normal_Videos\Normal_Videos104_x264_42.npz,Normal_Videos104_x264_42,Normal_Videos,7,0
G:\event_frame_duration533326\event_frame_duration533326\Robbery\Robbery035_x264_290.npz,Robbery035_x264_290,Robbery,9,1
G:\event_frame_duration533326\event_frame_duration533326\Explosion\Explosion018_x264_95.npz,Explosion018_x264_95,Explosion,5,1
G:\event_frame_duration533326\event_frame_duration533326\Shoplifting\Shoplifting008_x264_557.npz,Shoplifting008_x264_557,Shoplifting,11,1
G:\event_frame_duration533326\event_frame_duration533326\Arson\Arson051_x264_66.npz,Arson051_x264_66,Arson,2,1
G:\event_frame_duration533326\event_frame_duration533326\Arson\Arson029_x264_82.npz,Arson029_x264_82,Arson,2,1
G:\event_frame_duration533326\event_frame_duration533326\Burglary\Burglary052_x264_622.npz,Burglary052_x264_622,Burglary,4,1
G:\event_frame_duration533326\event_frame_duration533326\Normal_Videos\Normal_Videos138_x264_8009_8.npz,Normal_Videos138_x264_8009_8,Normal_Videos,7,0
G:\event_frame_duration533326\event_frame_duration533326\Fighting\Fighting016_x264_181.npz,Fighting016_x264_181,Fighting,6,1
G:\event_frame_duration533326\event_frame_duration533326\Normal_Videos\Normal_Videos078_x264_132.npz,Normal_Videos078_x264_132,Normal_Videos,7,0
G:\event_frame_duration533326\event_frame_duration533326\Fighting\Fighting010_x264_365.npz,Fighting010_x264_365,Fighting,6,1
G:\event_frame_duration533326\event_frame_duration533326\Normal_Videos\Normal_Videos093_x264_108.npz,Normal_Videos093_x264_108,Normal_Videos,7,0
G:\event_frame_duration533326\event_frame_duration533326\Normal_Videos\Normal_Videos291_x264_27.npz,Normal_Videos291_x264_27,Normal_Videos,7,0
G:\event_frame_duration533326\event_frame_duration533326\Normal_Videos\Normal_Videos509_x264_43.npz,Normal_Videos509_x264_43,Normal_Videos,7,0
G:\event_frame_duration533326\event_frame_duration533326\Normal_Videos\Normal_Videos072_x264_58.npz,Normal_Videos072_x264_58,Normal_Videos,7,0
G:\event_frame_duration533326\event_frame_duration533326\Normal_Videos\Normal_Videos270_x264_131.npz,Normal_Videos270_x264_131,Normal_Videos,7,0
G:\event_frame_duration533326\event_frame_duration533326\Stealing\Stealing096_x264_412.npz,Stealing096_x264_412,Stealing,12,1
G:\event_frame_duration533326\event_frame_duration533326\RoadAccidents\RoadAccidents071_x264_39.npz,RoadAccidents071_x264_39,RoadAccidents,8,1
G:\event_frame_duration533326\event_frame_duration533326\Robbery\Robbery006_x264_212.npz,Robbery006_x264_212,Robbery,9,1
G:\event_frame_duration533326\event_frame_duration533326\Normal_Videos\Normal_Videos268_x264_122.npz,Normal_Videos268_x264_122,Normal_Videos,7,0
G:\event_frame_duration533326\event_frame_duration533326\Assualt\Assault040_x264_234.npz,Assault040_x264_234,Assault,3,1
G:\event_frame_duration533326\event_frame_duration533326\Normal_Videos\Normal_Videos081_x264_100.npz,Normal_Videos081_x264_100,Normal_Videos,7,0
G:\event_frame_duration533326\event_frame_duration533326\Robbery\Robbery043_x264_64.npz,Robbery043_x264_64,Robbery,9,1
G:\event_frame_duration533326\event_frame_duration533326\Burglary\Burglary016_x264_327.npz,Burglary016_x264_327,Burglary,4,1
G:\event_frame_duration533326\event_frame_duration533326\Normal_Videos\Normal_Videos469_x264_418.npz,Normal_Videos469_x264_418,Normal_Videos,7,0
G:\event_frame_duration533326\event_frame_duration533326\Arrest\Arrest029_x264_485.npz,Arrest029_x264_485,Arrest,1,1
G:\event_frame_duration533326\event_frame_duration533326\Normal_Videos\Normal_Videos393_x264_182.npz,Normal_Videos393_x264_182,Normal_Videos,7,0
G:\event_frame_duration533326\event_frame_duration533326\Explosion\Explosion014_x264_79.npz,Explosion014_x264_79,Explosion,5,1
G:\event_frame_duration533326\event_frame_duration533326\Shoplifting\Shoplifting030_x264_1511.npz,Shoplifting030_x264_1511,Shoplifting,11,1
G:\event_frame_duration533326\event_frame_duration533326\Normal_Videos\Normal_Videos120_x264_91.npz,Normal_Videos120_x264_91,Normal_Videos,7,0
G:\event_frame_duration533326\event_frame_duration533326\Explosion\Explosion024_x264_77.npz,Explosion024_x264_77,Explosion,5,1
G:\event_frame_duration533326\event_frame_duration533326\Arson\Arson050_x264_98.npz,Arson050_x264_98,Arson,2,1
G:\event_frame_duration533326\event_frame_duration533326\Normal_Videos\Normal_Videos387_x264_47.npz,Normal_Videos387_x264_47,Normal_Videos,7,0
G:\event_frame_duration533326\event_frame_duration533326\Normal_Videos\Normal_Videos794_x264_281.npz,Normal_Videos794_x264_281,Normal_Videos,7,0
G:\event_frame_duration533326\event_frame_duration533326\Normal_Videos\Normal_Videos188_x264_561.npz,Normal_Videos188_x264_561,Normal_Videos,7,0
G:\event_frame_duration533326\event_frame_duration533326\Stealing\Stealing012_x264_168.npz,Stealing012_x264_168,Stealing,12,1
G:\event_frame_duration533326\event_frame_duration533326\Normal_Videos\Normal_Videos107_x264_224.npz,Normal_Videos107_x264_224,Normal_Videos,7,0
G:\event_frame_duration533326\event_frame_duration533326\Fighting\Fighting015_x264_620.npz,Fighting015_x264_620,Fighting,6,1
G:\event_frame_duration533326\event_frame_duration533326\RoadAccidents\RoadAccidents064_x264_149.npz,RoadAccidents064_x264_149,RoadAccidents,8,1
G:\event_frame_duration533326\event_frame_duration533326\Normal_Videos\Normal_Videos400_x264_44.npz,Normal_Videos400_x264_44,Normal_Videos,7,0
G:\event_frame_duration533326\event_frame_duration533326\Burglary\Burglary004_x264_110.npz,Burglary004_x264_110,Burglary,4,1
G:\event_frame_duration533326\event_frame_duration533326\Normal_Videos\Normal_Videos617_x264_182.npz,Normal_Videos617_x264_182,Normal_Videos,7,0
G:\event_frame_duration533326\event_frame_duration533326\Burglary\Burglary044_x264_430.npz,Burglary044_x264_430,Burglary,4,1
G:\event_frame_duration533326\event_frame_duration533326\RoadAccidents\RoadAccidents117_x264_127.npz,RoadAccidents117_x264_127,RoadAccidents,8,1
G:\event_frame_duration533326\event_frame_duration533326\Robbery\Robbery120_x264_59.npz,Robbery120_x264_59,Robbery,9,1
G:\event_frame_duration533326\event_frame_duration533326\Normal_Videos\Normal_Videos084_x264_1715.npz,Normal_Videos084_x264_1715,Normal_Videos,7,0
G:\event_frame_duration533326\event_frame_duration533326\RoadAccidents\RoadAccidents103_x264_78.npz,RoadAccidents103_x264_78,RoadAccidents,8,1
G:\event_frame_duration533326\event_frame_duration533326\Robbery\Robbery083_x264_60.npz,Robbery083_x264_60,Robbery,9,1
G:\event_frame_duration533326\event_frame_duration533326\Normal_Videos\Normal_Videos334_x264_50.npz,Normal_Videos334_x264_50,Normal_Videos,7,0
G:\event_frame_duration533326\event_frame_duration533326\Normal_Videos\Normal_Videos320_x264_62.npz,Normal_Videos320_x264_62,Normal_Videos,7,0
G:\event_frame_duration533326\event_frame_duration533326\Normal_Videos\Normal_Videos835_x264_159.npz,Normal_Videos835_x264_159,Normal_Videos,7,0
G:\event_frame_duration533326\event_frame_duration533326\Normal_Videos\Normal_Videos336_x264_79.npz,Normal_Videos336_x264_79,Normal_Videos,7,0
G:\event_frame_duration533326\event_frame_duration533326\RoadAccidents\RoadAccidents037_x264_136.npz,RoadAccidents037_x264_136,RoadAccidents,8,1
G:\event_frame_duration533326\event_frame_duration533326\Normal_Videos\Normal_Videos506_x264_75.npz,Normal_Videos506_x264_75,Normal_Videos,7,0
G:\event_frame_duration533326\event_frame_duration533326\Normal_Videos\Normal_Videos602_x264_718.npz,Normal_Videos602_x264_718,Normal_Videos,7,0
G:\event_frame_duration533326\event_frame_duration533326\Normal_Videos\Normal_Videos305_x264_158.npz,Normal_Videos305_x264_158,Normal_Videos,7,0
G:\event_frame_duration533326\event_frame_duration533326\Robbery\Robbery104_x264_108.npz,Robbery104_x264_108,Robbery,9,1
G:\event_frame_duration533326\event_frame_duration533326\Normal_Videos\Normal_Videos630_x264_3961.npz,Normal_Videos630_x264_3961,Normal_Videos,7,0
G:\event_frame_duration533326\event_frame_duration533326\Normal_Videos\Normal_Videos620_x264_560.npz,Normal_Videos620_x264_560,Normal_Videos,7,0
G:\event_frame_duration533326\event_frame_duration533326\Normal_Videos\Normal_Videos173_x264_36.npz,Normal_Videos173_x264_36,Normal_Videos,7,0
G:\event_frame_duration533326\event_frame_duration533326\Normal_Videos\Normal_Videos226_x264_907.npz,Normal_Videos226_x264_907,Normal_Videos,7,0
G:\event_frame_duration533326\event_frame_duration533326\Explosion\Explosion037_x264_59.npz,Explosion037_x264_59,Explosion,5,1
G:\event_frame_duration533326\event_frame_duration533326\Normal_Videos\Normal_Videos177_x264_707.npz,Normal_Videos177_x264_707,Normal_Videos,7,0
G:\event_frame_duration533326\event_frame_duration533326\Arson\Arson026_x264_367.npz,Arson026_x264_367,Arson,2,1
G:\event_frame_duration533326\event_frame_duration533326\Normal_Videos\Normal_Videos790_x264_74.npz,Normal_Videos790_x264_74,Normal_Videos,7,0
G:\event_frame_duration533326\event_frame_duration533326\Normal_Videos\Normal_Videos383_x264_120.npz,Normal_Videos383_x264_120,Normal_Videos,7,0
G:\event_frame_duration533326\event_frame_duration533326\RoadAccidents\RoadAccidents044_x264npz_24.npz,RoadAccidents044_x264npz_24,RoadAccidents,8,1
G:\event_frame_duration533326\event_frame_duration533326\Normal_Videos\Normal_Videos922_x264_42.npz,Normal_Videos922_x264_42,Normal_Videos,7,0
G:\event_frame_duration533326\event_frame_duration533326\Robbery\Robbery065_x264_149.npz,Robbery065_x264_149,Robbery,9,1
G:\event_frame_duration533326\event_frame_duration533326\Normal_Videos\Normal_Videos157_x264_11.npz,Normal_Videos157_x264_11,Normal_Videos,7,0
G:\event_frame_duration533326\event_frame_duration533326\Robbery\Robbery140_x264_66.npz,Robbery140_x264_66,Robbery,9,1
G:\event_frame_duration533326\event_frame_duration533326\Arrest\Arrest028_x264_154.npz,Arrest028_x264_154,Arrest,1,1
G:\event_frame_duration533326\event_frame_duration533326\Normal_Videos\Normal_Videos152_x264_499.npz,Normal_Videos152_x264_499,Normal_Videos,7,0
G:\event_frame_duration533326\event_frame_duration533326\Robbery\Robbery022_x264_219.npz,Robbery022_x264_219,Robbery,9,1
G:\event_frame_duration533326\event_frame_duration533326\RoadAccidents\RoadAccidents089_x264_69.npz,RoadAccidents089_x264_69,RoadAccidents,8,1
G:\event_frame_duration533326\event_frame_duration533326\Normal_Videos\Normal_Videos945_x264_224.npz,Normal_Videos945_x264_224,Normal_Videos,7,0
G:\event_frame_duration533326\event_frame_duration533326\Vandalism\Vandalism022_x264_245.npz,Vandalism022_x264_245,Vandalism,13,1
G:\event_frame_duration533326\event_frame_duration533326\Normal_Videos\Normal_Videos260_x264_171.npz,Normal_Videos260_x264_171,Normal_Videos,7,0
G:\event_frame_duration533326\event_frame_duration533326\Normal_Videos\Normal_Videos830_x264_175.npz,Normal_Videos830_x264_175,Normal_Videos,7,0
G:\event_frame_duration533326\event_frame_duration533326\Normal_Videos\Normal_Videos477_x264_125.npz,Normal_Videos477_x264_125,Normal_Videos,7,0
G:\event_frame_duration533326\event_frame_duration533326\Normal_Videos\Normal_Videos272_x264_180.npz,Normal_Videos272_x264_180,Normal_Videos,7,0
G:\event_frame_duration533326\event_frame_duration533326\Fighting\Fighting025_x264_298.npz,Fighting025_x264_298,Fighting,6,1
G:\event_frame_duration533326\event_frame_duration533326\Robbery\Robbery031_x264_68.npz,Robbery031_x264_68,Robbery,9,1
G:\event_frame_duration533326\event_frame_duration533326\Normal_Videos\Normal_Videos269_x264_17.npz,Normal_Videos269_x264_17,Normal_Videos,7,0
G:\event_frame_duration533326\event_frame_duration533326\Normal_Videos\Normal_Videos486_x264_168.npz,Normal_Videos486_x264_168,Normal_Videos,7,0
G:\event_frame_duration533326\event_frame_duration533326\Burglary\Burglary064_x264_3037.npz,Burglary064_x264_3037,Burglary,4,1
G:\event_frame_duration533326\event_frame_duration533326\Normal_Videos\Normal_Videos628_x264_56.npz,Normal_Videos628_x264_56,Normal_Videos,7,0
G:\event_frame_duration533326\event_frame_duration533326\Normal_Videos\Normal_Videos772_x264_83.npz,Normal_Videos772_x264_83,Normal_Videos,7,0
G:\event_frame_duration533326\event_frame_duration533326\RoadAccidents\RoadAccidents038_x264_31.npz,RoadAccidents038_x264_31,RoadAccidents,8,1
G:\event_frame_duration533326\event_frame_duration533326\Normal_Videos\Normal_Videos128_x264_118.npz,Normal_Videos128_x264_118,Normal_Videos,7,0
G:\event_frame_duration533326\event_frame_duration533326\Fighting\Fighting009_x264_133.npz,Fighting009_x264_133,Fighting,6,1
G:\event_frame_duration533326\event_frame_duration533326\Arrest\Arrest043_x264_673.npz,Arrest043_x264_673,Arrest,1,1
G:\event_frame_duration533326\event_frame_duration533326\Normal_Videos\Normal_Videos037_x264_27.npz,Normal_Videos037_x264_27,Normal_Videos,7,0
G:\event_frame_duration533326\event_frame_duration533326\Arrest\Arrest034_x264_725.npz,Arrest034_x264_725,Arrest,1,1
G:\event_frame_duration533326\event_frame_duration533326\Normal_Videos\Normal_Videos309_x264_561.npz,Normal_Videos309_x264_561,Normal_Videos,7,0
G:\event_frame_duration533326\event_frame_duration533326\Explosion\Explosion015_x264_53.npz,Explosion015_x264_53,Explosion,5,1
G:\event_frame_duration533326\event_frame_duration533326\Assualt\Assault012_x264_48.npz,Assault012_x264_48,Assault,3,1
G:\event_frame_duration533326\event_frame_duration533326\Stealing\Stealing006_x264_200.npz,Stealing006_x264_200,Stealing,12,1
G:\event_frame_duration533326\event_frame_duration533326\Robbery\Robbery053_x264npz_114.npz,Robbery053_x264npz_114,Robbery,9,1
G:\event_frame_duration533326\event_frame_duration533326\RoadAccidents\RoadAccidents059_x264_118.npz,RoadAccidents059_x264_118,RoadAccidents,8,1
G:\event_frame_duration533326\event_frame_duration533326\Normal_Videos\Normal_Videos017_x264_52.npz,Normal_Videos017_x264_52,Normal_Videos,7,0
G:\event_frame_duration533326\event_frame_duration533326\Normal_Videos\Normal_Videos659_x264_31.npz,Normal_Videos659_x264_31,Normal_Videos,7,0
G:\event_frame_duration533326\event_frame_duration533326\Normal_Videos\Normal_Videos190_x264_225.npz,Normal_Videos190_x264_225,Normal_Videos,7,0
G:\event_frame_duration533326\event_frame_duration533326\Arrest\Arrest026_x264_404.npz,Arrest026_x264_404,Arrest,1,1
G:\event_frame_duration533326\event_frame_duration533326\Shoplifting\Shoplifting003_x264_676.npz,Shoplifting003_x264_676,Shoplifting,11,1
G:\event_frame_duration533326\event_frame_duration533326\Arrest\Arrest049_x264_737.npz,Arrest049_x264_737,Arrest,1,1
G:\event_frame_duration533326\event_frame_duration533326\Robbery\Robbery003_x264_61.npz,Robbery003_x264_61,Robbery,9,1
G:\event_frame_duration533326\event_frame_duration533326\Normal_Videos\Normal_Videos255_x264_224.npz,Normal_Videos255_x264_224,Normal_Videos,7,0
G:\event_frame_duration533326\event_frame_duration533326\Normal_Videos\Normal_Videos121_x264_71.npz,Normal_Videos121_x264_71,Normal_Videos,7,0
G:\event_frame_duration533326\event_frame_duration533326\Normal_Videos\Normal_Videos475_x264_1092.npz,Normal_Videos475_x264_1092,Normal_Videos,7,0
G:\event_frame_duration533326\event_frame_duration533326\Shoplifting\Shoplifting006_x264_197.npz,Shoplifting006_x264_197,Shoplifting,11,1
G:\event_frame_duration533326\event_frame_duration533326\Normal_Videos\Normal_Videos481_x264_562.npz,Normal_Videos481_x264_562,Normal_Videos,7,0
G:\event_frame_duration533326\event_frame_duration533326\Normal_Videos\Normal_Videos183_x264_104.npz,Normal_Videos183_x264_104,Normal_Videos,7,0
G:\event_frame_duration533326\event_frame_duration533326\Normal_Videos\Normal_Videos769_x264_3374.npz,Normal_Videos769_x264_3374,Normal_Videos,7,0
G:\event_frame_duration533326\event_frame_duration533326\Normal_Videos\Normal_Videos592_x264_160.npz,Normal_Videos592_x264_160,Normal_Videos,7,0
G:\event_frame_duration533326\event_frame_duration533326\Normal_Videos\Normal_Videos673_x264_163.npz,Normal_Videos673_x264_163,Normal_Videos,7,0
G:\event_frame_duration533326\event_frame_duration533326\Normal_Videos\Normal_Videos632_x264_750.npz,Normal_Videos632_x264_750,Normal_Videos,7,0
G:\event_frame_duration533326\event_frame_duration533326\Fighting\Fighting017_x264_129.npz,Fighting017_x264_129,Fighting,6,1
G:\event_frame_duration533326\event_frame_duration533326\Robbery\Robbery047_x264_95.npz,Robbery047_x264_95,Robbery,9,1
G:\event_frame_duration533326\event_frame_duration533326\Shoplifting\Shoplifting013_x264_126.npz,Shoplifting013_x264_126,Shoplifting,11,1
G:\event_frame_duration533326\event_frame_duration533326\Normal_Videos\Normal_Videos029_x264_53.npz,Normal_Videos029_x264_53,Normal_Videos,7,0
G:\event_frame_duration533326\event_frame_duration533326\Normal_Videos\Normal_Videos820_x264_41.npz,Normal_Videos820_x264_41,Normal_Videos,7,0
G:\event_frame_duration533326\event_frame_duration533326\Normal_Videos\Normal_Videos797_x264_176.npz,Normal_Videos797_x264_176,Normal_Videos,7,0
G:\event_frame_duration533326\event_frame_duration533326\Normal_Videos\Normal_Videos687_x264_2367.npz,Normal_Videos687_x264_2367,Normal_Videos,7,0
G:\event_frame_duration533326\event_frame_duration533326\Normal_Videos\Normal_Videos501_x264_110.npz,Normal_Videos501_x264_110,Normal_Videos,7,0
G:\event_frame_duration533326\event_frame_duration533326\Normal_Videos\Normal_Videos513_x264_43.npz,Normal_Videos513_x264_43,Normal_Videos,7,0
G:\event_frame_duration533326\event_frame_duration533326\Normal_Videos\Normal_Videos276_x264_259.npz,Normal_Videos276_x264_259,Normal_Videos,7,0
G:\event_frame_duration533326\event_frame_duration533326\Fighting\Fighting007_x264_237.npz,Fighting007_x264_237,Fighting,6,1
G:\event_frame_duration533326\event_frame_duration533326\Normal_Videos\Normal_Videos609_x264_37.npz,Normal_Videos609_x264_37,Normal_Videos,7,0
G:\event_frame_duration533326\event_frame_duration533326\Normal_Videos\Normal_Videos825_x264_100.npz,Normal_Videos825_x264_100,Normal_Videos,7,0
G:\event_frame_duration533326\event_frame_duration533326\Arrest\Arrest041_x264_241.npz,Arrest041_x264_241,Arrest,1,1
G:\event_frame_duration533326\event_frame_duration533326\Normal_Videos\Normal_Videos184_x264_119.npz,Normal_Videos184_x264_119,Normal_Videos,7,0
G:\event_frame_duration533326\event_frame_duration533326\Normal_Videos\Normal_Videos584_x264_561.npz,Normal_Videos584_x264_561,Normal_Videos,7,0
G:\event_frame_duration533326\event_frame_duration533326\Normal_Videos\Normal_Videos357_x264_112.npz,Normal_Videos357_x264_112,Normal_Videos,7,0
G:\event_frame_duration533326\event_frame_duration533326\Vandalism\Vandalism023_x264npz_393.npz,Vandalism023_x264npz_393,Vandalism,13,1
G:\event_frame_duration533326\event_frame_duration533326\Normal_Videos\Normal_Videos012_x264_145.npz,Normal_Videos012_x264_145,Normal_Videos,7,0
G:\event_frame_duration533326\event_frame_duration533326\Vandalism\Vandalism006_x264_50.npz,Vandalism006_x264_50,Vandalism,13,1
G:\event_frame_duration533326\event_frame_duration533326\Normal_Videos\Normal_Videos739_x264_79.npz,Normal_Videos739_x264_79,Normal_Videos,7,0
G:\event_frame_duration533326\event_frame_duration533326\Normal_Videos\Normal_Videos849_x264_201.npz,Normal_Videos849_x264_201,Normal_Videos,7,0
G:\event_frame_duration533326\event_frame_duration533326\Robbery\Robbery122_x264_64.npz,Robbery122_x264_64,Robbery,9,1
G:\event_frame_duration533326\event_frame_duration533326\Normal_Videos\Normal_Videos719_x264_178.npz,Normal_Videos719_x264_178,Normal_Videos,7,0
G:\event_frame_duration533326\event_frame_duration533326\Normal_Videos\Normal_Videos612_x264_391.npz,Normal_Videos612_x264_391,Normal_Videos,7,0
G:\event_frame_duration533326\event_frame_duration533326\Shooting\Shooting031_x264_132.npz,Shooting031_x264_132,Shooting,10,1
G:\event_frame_duration533326\event_frame_duration533326\Explosion\Explosion045_x264_47.npz,Explosion045_x264_47,Explosion,5,1
G:\event_frame_duration533326\event_frame_duration533326\Stealing\Stealing007_x264_192.npz,Stealing007_x264_192,Stealing,12,1
G:\event_frame_duration533326\event_frame_duration533326\Normal_Videos\Normal_Videos645_x264_67.npz,Normal_Videos645_x264_67,Normal_Videos,7,0
G:\event_frame_duration533326\event_frame_duration533326\Normal_Videos\Normal_Videos823_x264_84.npz,Normal_Videos823_x264_84,Normal_Videos,7,0
G:\event_frame_duration533326\event_frame_duration533326\Normal_Videos\Normal_Videos205_x264_489.npz,Normal_Videos205_x264_489,Normal_Videos,7,0
G:\event_frame_duration533326\event_frame_duration533326\Normal_Videos\Normal_Videos242_x264_111.npz,Normal_Videos242_x264_111,Normal_Videos,7,0
G:\event_frame_duration533326\event_frame_duration533326\Normal_Videos\Normal_Videos458_x264_468.npz,Normal_Videos458_x264_468,Normal_Videos,7,0
G:\event_frame_duration533326\event_frame_duration533326\RoadAccidents\RoadAccidents115_x264_122.npz,RoadAccidents115_x264_122,RoadAccidents,8,1
G:\event_frame_duration533326\event_frame_duration533326\Assualt\Assault047_x264_206.npz,Assault047_x264_206,Assault,3,1
G:\event_frame_duration533326\event_frame_duration533326\Burglary\Burglary070_x264_50.npz,Burglary070_x264_50,Burglary,4,1
G:\event_frame_duration533326\event_frame_duration533326\Burglary\Burglary038_x264_55.npz,Burglary038_x264_55,Burglary,4,1
G:\event_frame_duration533326\event_frame_duration533326\Arrest\Arrest019_x264_86.npz,Arrest019_x264_86,Arrest,1,1
G:\event_frame_duration533326\event_frame_duration533326\Normal_Videos\Normal_Videos690_x264_38.npz,Normal_Videos690_x264_38,Normal_Videos,7,0
G:\event_frame_duration533326\event_frame_duration533326\Normal_Videos\Normal_Videos337_x264_23.npz,Normal_Videos337_x264_23,Normal_Videos,7,0
G:\event_frame_duration533326\event_frame_duration533326\Normal_Videos\Normal_Videos669_x264_75.npz,Normal_Videos669_x264_75,Normal_Videos,7,0
G:\event_frame_duration533326\event_frame_duration533326\Arrest\Arrest014_x264_95.npz,Arrest014_x264_95,Arrest,1,1
G:\event_frame_duration533326\event_frame_duration533326\Vandalism\Vandalism024_x264_62.npz,Vandalism024_x264_62,Vandalism,13,1
G:\event_frame_duration533326\event_frame_duration533326\Normal_Videos\Normal_Videos468_x264_49.npz,Normal_Videos468_x264_49,Normal_Videos,7,0
G:\event_frame_duration533326\event_frame_duration533326\Normal_Videos\Normal_Videos338_x264_58.npz,Normal_Videos338_x264_58,Normal_Videos,7,0
G:\event_frame_duration533326\event_frame_duration533326\Arrest\Arrest022_x264_97.npz,Arrest022_x264_97,Arrest,1,1
G:\event_frame_duration533326\event_frame_duration533326\Robbery\Robbery118_x264_121.npz,Robbery118_x264_121,Robbery,9,1
G:\event_frame_duration533326\event_frame_duration533326\Robbery\Robbery085_x264_116.npz,Robbery085_x264_116,Robbery,9,1
G:\event_frame_duration533326\event_frame_duration533326\Normal_Videos\Normal_Videos225_x264_1245.npz,Normal_Videos225_x264_1245,Normal_Videos,7,0
G:\event_frame_duration533326\event_frame_duration533326\RoadAccidents\RoadAccidents051_x264_25.npz,RoadAccidents051_x264_25,RoadAccidents,8,1
G:\event_frame_duration533326\event_frame_duration533326\Normal_Videos\Normal_Videos562_x264_1691.npz,Normal_Videos562_x264_1691,Normal_Videos,7,0
G:\event_frame_duration533326\event_frame_duration533326\Robbery\Robbery099_x264_99.npz,Robbery099_x264_99,Robbery,9,1
G:\event_frame_duration533326\event_frame_duration533326\RoadAccidents\RoadAccidents075_x264_20.npz,RoadAccidents075_x264_20,RoadAccidents,8,1
G:\event_frame_duration533326\event_frame_duration533326\Vandalism\Vandalism049_x264_499.npz,Vandalism049_x264_499,Vandalism,13,1
G:\event_frame_duration533326\event_frame_duration533326\Abuse\Abuse001_x264_171.npz,Abuse001_x264_171,Abuse,0,1
G:\event_frame_duration533326\event_frame_duration533326\Robbery\Robbery028_x264_146.npz,Robbery028_x264_146,Robbery,9,1
G:\event_frame_duration533326\event_frame_duration533326\Fighting\Fighting026_x264_218.npz,Fighting026_x264_218,Fighting,6,1
G:\event_frame_duration533326\event_frame_duration533326\Assualt\Assault049_x264_81.npz,Assault049_x264_81,Assault,3,1
G:\event_frame_duration533326\event_frame_duration533326\Normal_Videos\Normal_Videos163_x264_205.npz,Normal_Videos163_x264_205,Normal_Videos,7,0
G:\event_frame_duration533326\event_frame_duration533326\Normal_Videos\Normal_Videos511_x264_1688.npz,Normal_Videos511_x264_1688,Normal_Videos,7,0
G:\event_frame_duration533326\event_frame_duration533326\Normal_Videos\Normal_Videos418_x264_105.npz,Normal_Videos418_x264_105,Normal_Videos,7,0
G:\event_frame_duration533326\event_frame_duration533326\Robbery\Robbery093_x264_72.npz,Robbery093_x264_72,Robbery,9,1
G:\event_frame_duration533326\event_frame_duration533326\Normal_Videos\Normal_Videos740_x264_57.npz,Normal_Videos740_x264_57,Normal_Videos,7,0
G:\event_frame_duration533326\event_frame_duration533326\Burglary\Burglary008_x264_307.npz,Burglary008_x264_307,Burglary,4,1
G:\event_frame_duration533326\event_frame_duration533326\Normal_Videos\Normal_Videos498_x264_400.npz,Normal_Videos498_x264_400,Normal_Videos,7,0
G:\event_frame_duration533326\event_frame_duration533326\Normal_Videos\Normal_Videos408_x264_49.npz,Normal_Videos408_x264_49,Normal_Videos,7,0
G:\event_frame_duration533326\event_frame_duration533326\Vandalism\Vandalism046_x264_130.npz,Vandalism046_x264_130,Vandalism,13,1
G:\event_frame_duration533326\event_frame_duration533326\Abuse\Abuse040_x264_212.npz,Abuse040_x264_212,Abuse,0,1
G:\event_frame_duration533326\event_frame_duration533326\RoadAccidents\RoadAccidents050_x264_68.npz,RoadAccidents050_x264_68,RoadAccidents,8,1
G:\event_frame_duration533326\event_frame_duration533326\Robbery\Robbery128_x264_411.npz,Robbery128_x264_411,Robbery,9,1
G:\event_frame_duration533326\event_frame_duration533326\Explosion\Explosion047_x264_86.npz,Explosion047_x264_86,Explosion,5,1
G:\event_frame_duration533326\event_frame_duration533326\Robbery\Robbery147_x264npz_54.npz,Robbery147_x264npz_54,Robbery,9,1
G:\event_frame_duration533326\event_frame_duration533326\Normal_Videos\Normal_Videos680_x264_41.npz,Normal_Videos680_x264_41,Normal_Videos,7,0
G:\event_frame_duration533326\event_frame_duration533326\Normal_Videos\Normal_Videos159_x264_66.npz,Normal_Videos159_x264_66,Normal_Videos,7,0
G:\event_frame_duration533326\event_frame_duration533326\Normal_Videos\Normal_Videos607_x264_118.npz,Normal_Videos607_x264_118,Normal_Videos,7,0
G:\event_frame_duration533326\event_frame_duration533326\Stealing\Stealing023_x264npz_316.npz,Stealing023_x264npz_316,Stealing,12,1
G:\event_frame_duration533326\event_frame_duration533326\Arson\Arson013_x264_394.npz,Arson013_x264_394,Arson,2,1
G:\event_frame_duration533326\event_frame_duration533326\Normal_Videos\Normal_Videos138_x264_8009_10.npz,Normal_Videos138_x264_8009_10,Normal_Videos,7,0
G:\event_frame_duration533326\event_frame_duration533326\Fighting\Fighting019_x264_200.npz,Fighting019_x264_200,Fighting,6,1
G:\event_frame_duration533326\event_frame_duration533326\Robbery\Robbery019_x264_359.npz,Robbery019_x264_359,Robbery,9,1
G:\event_frame_duration533326\event_frame_duration533326\Normal_Videos\Normal_Videos266_x264_1454.npz,Normal_Videos266_x264_1454,Normal_Videos,7,0
G:\event_frame_duration533326\event_frame_duration533326\Shooting\Shooting040_x264_53.npz,Shooting040_x264_53,Shooting,10,1
G:\event_frame_duration533326\event_frame_duration533326\Robbery\Robbery041_x264_85.npz,Robbery041_x264_85,Robbery,9,1
G:\event_frame_duration533326\event_frame_duration533326\Normal_Videos\Normal_Videos166_x264_99.npz,Normal_Videos166_x264_99,Normal_Videos,7,0
G:\event_frame_duration533326\event_frame_duration533326\Stealing\Stealing092_x264_845.npz,Stealing092_x264_845,Stealing,12,1
G:\event_frame_duration533326\event_frame_duration533326\RoadAccidents\RoadAccidents077_x264_104.npz,RoadAccidents077_x264_104,RoadAccidents,8,1
G:\event_frame_duration533326\event_frame_duration533326\Normal_Videos\Normal_Videos161_x264_366.npz,Normal_Videos161_x264_366,Normal_Videos,7,0
G:\event_frame_duration533326\event_frame_duration533326\Normal_Videos\Normal_Videos507_x264_128.npz,Normal_Videos507_x264_128,Normal_Videos,7,0
G:\event_frame_duration533326\event_frame_duration533326\Robbery\Robbery029_x264_136.npz,Robbery029_x264_136,Robbery,9,1
G:\event_frame_duration533326\event_frame_duration533326\Robbery\Robbery114_x264_128.npz,Robbery114_x264_128,Robbery,9,1
G:\event_frame_duration533326\event_frame_duration533326\Assualt\Assault036_x264_55.npz,Assault036_x264_55,Assault,3,1
G:\event_frame_duration533326\event_frame_duration533326\Normal_Videos\Normal_Videos476_x264_289.npz,Normal_Videos476_x264_289,Normal_Videos,7,0
G:\event_frame_duration533326\event_frame_duration533326\Shooting\Shooting052_x264_347.npz,Shooting052_x264_347,Shooting,10,1
G:\event_frame_duration533326\event_frame_duration533326\RoadAccidents\RoadAccidents053_x264_42.npz,RoadAccidents053_x264_42,RoadAccidents,8,1
G:\event_frame_duration533326\event_frame_duration533326\Robbery\Robbery078_x264_149.npz,Robbery078_x264_149,Robbery,9,1
G:\event_frame_duration533326\event_frame_duration533326\Normal_Videos\Normal_Videos238_x264_187.npz,Normal_Videos238_x264_187,Normal_Videos,7,0
G:\event_frame_duration533326\event_frame_duration533326\Normal_Videos\Normal_Videos563_x264_5150.npz,Normal_Videos563_x264_5150,Normal_Videos,7,0
G:\event_frame_duration533326\event_frame_duration533326\Normal_Videos\Normal_Videos333_x264_54.npz,Normal_Videos333_x264_54,Normal_Videos,7,0
G:\event_frame_duration533326\event_frame_duration533326\Normal_Videos\Normal_Videos528_x264_73.npz,Normal_Videos528_x264_73,Normal_Videos,7,0
G:\event_frame_duration533326\event_frame_duration533326\RoadAccidents\RoadAccidents062_x264_465.npz,RoadAccidents062_x264_465,RoadAccidents,8,1
G:\event_frame_duration533326\event_frame_duration533326\Normal_Videos\Normal_Videos389_x264_215.npz,Normal_Videos389_x264_215,Normal_Videos,7,0
G:\event_frame_duration533326\event_frame_duration533326\Assualt\Assault024_x264_26.npz,Assault024_x264_26,Assault,3,1
G:\event_frame_duration533326\event_frame_duration533326\Normal_Videos\Normal_Videos658_x264_28.npz,Normal_Videos658_x264_28,Normal_Videos,7,0
G:\event_frame_duration533326\event_frame_duration533326\Arrest\Arrest027_x264_106.npz,Arrest027_x264_106,Arrest,1,1
G:\event_frame_duration533326\event_frame_duration533326\Normal_Videos\Normal_Videos021_x264_121.npz,Normal_Videos021_x264_121,Normal_Videos,7,0
G:\event_frame_duration533326\event_frame_duration533326\Normal_Videos\Normal_Videos002_x264_103.npz,Normal_Videos002_x264_103,Normal_Videos,7,0
G:\event_frame_duration533326\event_frame_duration533326\Assualt\Assault045_x264_69.npz,Assault045_x264_69,Assault,3,1
G:\event_frame_duration533326\event_frame_duration533326\Robbery\Robbery143_x264npz_58.npz,Robbery143_x264npz_58,Robbery,9,1
G:\event_frame_duration533326\event_frame_duration533326\Normal_Videos\Normal_Videos635_x264_84.npz,Normal_Videos635_x264_84,Normal_Videos,7,0
G:\event_frame_duration533326\event_frame_duration533326\Normal_Videos\Normal_Videos558_x264_101.npz,Normal_Videos558_x264_101,Normal_Videos,7,0
G:\event_frame_duration533326\event_frame_duration533326\Normal_Videos\Normal_Videos746_x264_29.npz,Normal_Videos746_x264_29,Normal_Videos,7,0
G:\event_frame_duration533326\event_frame_duration533326\RoadAccidents\RoadAccidents042_x264_57.npz,RoadAccidents042_x264_57,RoadAccidents,8,1
G:\event_frame_duration533326\event_frame_duration533326\Normal_Videos\Normal_Videos583_x264_388.npz,Normal_Videos583_x264_388,Normal_Videos,7,0
G:\event_frame_duration533326\event_frame_duration533326\Normal_Videos\Normal_Videos377_x264_863.npz,Normal_Videos377_x264_863,Normal_Videos,7,0
G:\event_frame_duration533326\event_frame_duration533326\Normal_Videos\Normal_Videos245_x264_1124.npz,Normal_Videos245_x264_1124,Normal_Videos,7,0
G:\event_frame_duration533326\event_frame_duration533326\Normal_Videos\Normal_Videos079_x264_124.npz,Normal_Videos079_x264_124,Normal_Videos,7,0
G:\event_frame_duration533326\event_frame_duration533326\Normal_Videos\Normal_Videos517_x264_285.npz,Normal_Videos517_x264_285,Normal_Videos,7,0
G:\event_frame_duration533326\event_frame_duration533326\Arrest\Arrest004_x264_224.npz,Arrest004_x264_224,Arrest,1,1
G:\event_frame_duration533326\event_frame_duration533326\Normal_Videos\Normal_Videos587_x264_543.npz,Normal_Videos587_x264_543,Normal_Videos,7,0
G:\event_frame_duration533326\event_frame_duration533326\Normal_Videos\Normal_Videos662_x264_30.npz,Normal_Videos662_x264_30,Normal_Videos,7,0
G:\event_frame_duration533326\event_frame_duration533326\Normal_Videos\Normal_Videos703_x264_141.npz,Normal_Videos703_x264_141,Normal_Videos,7,0
G:\event_frame_duration533326\event_frame_duration533326\Normal_Videos\Normal_Videos241_x264_145.npz,Normal_Videos241_x264_145,Normal_Videos,7,0
G:\event_frame_duration533326\event_frame_duration533326\RoadAccidents\RoadAccidents015_x264_83.npz,RoadAccidents015_x264_83,RoadAccidents,8,1
G:\event_frame_duration533326\event_frame_duration533326\Normal_Videos\Normal_Videos767_x264_112.npz,Normal_Videos767_x264_112,Normal_Videos,7,0
G:\event_frame_duration533326\event_frame_duration533326\Normal_Videos\Normal_Videos279_x264_265.npz,Normal_Videos279_x264_265,Normal_Videos,7,0
G:\event_frame_duration533326\event_frame_duration533326\Burglary\Burglary096_x264_413.npz,Burglary096_x264_413,Burglary,4,1
G:\event_frame_duration533326\event_frame_duration533326\Burglary\Burglary085_x264_179.npz,Burglary085_x264_179,Burglary,4,1
G:\event_frame_duration533326\event_frame_duration533326\Normal_Videos\Normal_Videos103_x264_45.npz,Normal_Videos103_x264_45,Normal_Videos,7,0
G:\event_frame_duration533326\event_frame_duration533326\Normal_Videos\Normal_Videos138_x264_8009_1.npz,Normal_Videos138_x264_8009_1,Normal_Videos,7,0
G:\event_frame_duration533326\event_frame_duration533326\Normal_Videos\Normal_Videos611_x264_74.npz,Normal_Videos611_x264_74,Normal_Videos,7,0
G:\event_frame_duration533326\event_frame_duration533326\Vandalism\Vandalism032_x264_42.npz,Vandalism032_x264_42,Vandalism,13,1
G:\event_frame_duration533326\event_frame_duration533326\Arson\Arson042_x264_367.npz,Arson042_x264_367,Arson,2,1
G:\event_frame_duration533326\event_frame_duration533326\Vandalism\Vandalism008_x264_786.npz,Vandalism008_x264_786,Vandalism,13,1
G:\event_frame_duration533326\event_frame_duration533326\Normal_Videos\Normal_Videos094_x264_107.npz,Normal_Videos094_x264_107,Normal_Videos,7,0
G:\event_frame_duration533326\event_frame_duration533326\Normal_Videos\Normal_Videos049_x264_342.npz,Normal_Videos049_x264_342,Normal_Videos,7,0
G:\event_frame_duration533326\event_frame_duration533326\Fighting\Fighting011_x264_514.npz,Fighting011_x264_514,Fighting,6,1
G:\event_frame_duration533326\event_frame_duration533326\Normal_Videos\Normal_Videos541_x264_5923.npz,Normal_Videos541_x264_5923,Normal_Videos,7,0
G:\event_frame_duration533326\event_frame_duration533326\Normal_Videos\Normal_Videos292_x264_268.npz,Normal_Videos292_x264_268,Normal_Videos,7,0
G:\event_frame_duration533326\event_frame_duration533326\RoadAccidents\RoadAccidents072_x264_53.npz,RoadAccidents072_x264_53,RoadAccidents,8,1
G:\event_frame_duration533326\event_frame_duration533326\Normal_Videos\Normal_Videos064_x264_145.npz,Normal_Videos064_x264_145,Normal_Videos,7,0
G:\event_frame_duration533326\event_frame_duration533326\Robbery\Robbery113_x264_50.npz,Robbery113_x264_50,Robbery,9,1
G:\event_frame_duration533326\event_frame_duration533326\Normal_Videos\Normal_Videos521_x264_3175.npz,Normal_Videos521_x264_3175,Normal_Videos,7,0
G:\event_frame_duration533326\event_frame_duration533326\Normal_Videos\Normal_Videos428_x264_53.npz,Normal_Videos428_x264_53,Normal_Videos,7,0
G:\event_frame_duration533326\event_frame_duration533326\Stealing\Stealing086_x264_1133.npz,Stealing086_x264_1133,Stealing,12,1
G:\event_frame_duration533326\event_frame_duration533326\Robbery\Robbery026_x264_819.npz,Robbery026_x264_819,Robbery,9,1
G:\event_frame_duration533326\event_frame_duration533326\Normal_Videos\Normal_Videos857_x264_44.npz,Normal_Videos857_x264_44,Normal_Videos,7,0
G:\event_frame_duration533326\event_frame_duration533326\Arrest\Arrest017_x264_214.npz,Arrest017_x264_214,Arrest,1,1
G:\event_frame_duration533326\event_frame_duration533326\Arrest\Arrest015_x264_60.npz,Arrest015_x264_60,Arrest,1,1
G:\event_frame_duration533326\event_frame_duration533326\Normal_Videos\Normal_Videos643_x264_222.npz,Normal_Videos643_x264_222,Normal_Videos,7,0
G:\event_frame_duration533326\event_frame_duration533326\Normal_Videos\Normal_Videos572_x264_276.npz,Normal_Videos572_x264_276,Normal_Videos,7,0
G:\event_frame_duration533326\event_frame_duration533326\Normal_Videos\Normal_Videos088_x264_154.npz,Normal_Videos088_x264_154,Normal_Videos,7,0
G:\event_frame_duration533326\event_frame_duration533326\Robbery\Robbery017_x264npz_271.npz,Robbery017_x264npz_271,Robbery,9,1
G:\event_frame_duration533326\event_frame_duration533326\Normal_Videos\Normal_Videos689_x264_1993.npz,Normal_Videos689_x264_1993,Normal_Videos,7,0
G:\event_frame_duration533326\event_frame_duration533326\Normal_Videos\Normal_Videos008_x264_159.npz,Normal_Videos008_x264_159,Normal_Videos,7,0
G:\event_frame_duration533326\event_frame_duration533326\Normal_Videos\Normal_Videos194_x264_258.npz,Normal_Videos194_x264_258,Normal_Videos,7,0
G:\event_frame_duration533326\event_frame_duration533326\Stealing\Stealing065_x264_342.npz,Stealing065_x264_342,Stealing,12,1
G:\event_frame_duration533326\event_frame_duration533326\Fighting\Fighting038_x264_50.npz,Fighting038_x264_50,Fighting,6,1
G:\event_frame_duration533326\event_frame_duration533326\Shoplifting\Shoplifting024_x264_75.npz,Shoplifting024_x264_75,Shoplifting,11,1
G:\event_frame_duration533326\event_frame_duration533326\Normal_Videos\Normal_Videos369_x264_536.npz,Normal_Videos369_x264_536,Normal_Videos,7,0
G:\event_frame_duration533326\event_frame_duration533326\Normal_Videos\Normal_Videos092_x264_111.npz,Normal_Videos092_x264_111,Normal_Videos,7,0
G:\event_frame_duration533326\event_frame_duration533326\Vandalism\Vandalism021_x264_84.npz,Vandalism021_x264_84,Vandalism,13,1
G:\event_frame_duration533326\event_frame_duration533326\Abuse\Abuse049_x264_133.npz,Abuse049_x264_133,Abuse,0,1
G:\event_frame_duration533326\event_frame_duration533326\Normal_Videos\Normal_Videos394_x264_114.npz,Normal_Videos394_x264_114,Normal_Videos,7,0
G:\event_frame_duration533326\event_frame_duration533326\Normal_Videos\Normal_Videos132_x264_163.npz,Normal_Videos132_x264_163,Normal_Videos,7,0
G:\event_frame_duration533326\event_frame_duration533326\Normal_Videos\Normal_Videos259_x264_133.npz,Normal_Videos259_x264_133,Normal_Videos,7,0
G:\event_frame_duration533326\event_frame_duration533326\Robbery\Robbery130_x264_114.npz,Robbery130_x264_114,Robbery,9,1
G:\event_frame_duration533326\event_frame_duration533326\RoadAccidents\RoadAccidents066_x264_100.npz,RoadAccidents066_x264_100,RoadAccidents,8,1
G:\event_frame_duration533326\event_frame_duration533326\Normal_Videos\Normal_Videos264_x264_242.npz,Normal_Videos264_x264_242,Normal_Videos,7,0
G:\event_frame_duration533326\event_frame_duration533326\Normal_Videos\Normal_Videos326_x264_91.npz,Normal_Videos326_x264_91,Normal_Videos,7,0
G:\event_frame_duration533326\event_frame_duration533326\Normal_Videos\Normal_Videos734_x264_73.npz,Normal_Videos734_x264_73,Normal_Videos,7,0
G:\event_frame_duration533326\event_frame_duration533326\Robbery\Robbery146_x264_102.npz,Robbery146_x264_102,Robbery,9,1
G:\event_frame_duration533326\event_frame_duration533326\Robbery\Robbery025_x264_91.npz,Robbery025_x264_91,Robbery,9,1
G:\event_frame_duration533326\event_frame_duration533326\RoadAccidents\RoadAccidents092_x264_106.npz,RoadAccidents092_x264_106,RoadAccidents,8,1
G:\event_frame_duration533326\event_frame_duration533326\Normal_Videos\Normal_Videos444_x264_53.npz,Normal_Videos444_x264_53,Normal_Videos,7,0
G:\event_frame_duration533326\event_frame_duration533326\Stealing\Stealing108_x264_247.npz,Stealing108_x264_247,Stealing,12,1
G:\event_frame_duration533326\event_frame_duration533326\Normal_Videos\Normal_Videos724_x264_85.npz,Normal_Videos724_x264_85,Normal_Videos,7,0
G:\event_frame_duration533326\event_frame_duration533326\Arson\Arson027_x264_166.npz,Arson027_x264_166,Arson,2,1
G:\event_frame_duration533326\event_frame_duration533326\Normal_Videos\Normal_Videos236_x264_211.npz,Normal_Videos236_x264_211,Normal_Videos,7,0
G:\event_frame_duration533326\event_frame_duration533326\Normal_Videos\Normal_Videos319_x264_117.npz,Normal_Videos319_x264_117,Normal_Videos,7,0
G:\event_frame_duration533326\event_frame_duration533326\Normal_Videos\Normal_Videos106_x264_120.npz,Normal_Videos106_x264_120,Normal_Videos,7,0
G:\event_frame_duration533326\event_frame_duration533326\Normal_Videos\Normal_Videos382_x264_103.npz,Normal_Videos382_x264_103,Normal_Videos,7,0
G:\event_frame_duration533326\event_frame_duration533326\Stealing\Stealing074_x264_149.npz,Stealing074_x264_149,Stealing,12,1
G:\event_frame_duration533326\event_frame_duration533326\Burglary\Burglary013_x264_139.npz,Burglary013_x264_139,Burglary,4,1
G:\event_frame_duration533326\event_frame_duration533326\Normal_Videos\Normal_Videos500_x264_23.npz,Normal_Videos500_x264_23,Normal_Videos,7,0
G:\event_frame_duration533326\event_frame_duration533326\RoadAccidents\RoadAccidents109_x264_251.npz,RoadAccidents109_x264_251,RoadAccidents,8,1
G:\event_frame_duration533326\event_frame_duration533326\Arrest\Arrest013_x264_68.npz,Arrest013_x264_68,Arrest,1,1
G:\event_frame_duration533326\event_frame_duration533326\Normal_Videos\Normal_Videos451_x264_130.npz,Normal_Videos451_x264_130,Normal_Videos,7,0
G:\event_frame_duration533326\event_frame_duration533326\Arrest\Arrest040_x264_108.npz,Arrest040_x264_108,Arrest,1,1
G:\event_frame_duration533326\event_frame_duration533326\Normal_Videos\Normal_Videos296_x264_36.npz,Normal_Videos296_x264_36,Normal_Videos,7,0
G:\event_frame_duration533326\event_frame_duration533326\RoadAccidents\RoadAccidents110_x264_28.npz,RoadAccidents110_x264_28,RoadAccidents,8,1
G:\event_frame_duration533326\event_frame_duration533326\Assualt\Assault052_x264_49.npz,Assault052_x264_49,Assault,3,1
G:\event_frame_duration533326\event_frame_duration533326\RoadAccidents\RoadAccidents084_x264_53.npz,RoadAccidents084_x264_53,RoadAccidents,8,1
G:\event_frame_duration533326\event_frame_duration533326\Robbery\Robbery045_x264_207.npz,Robbery045_x264_207,Robbery,9,1
G:\event_frame_duration533326\event_frame_duration533326\Normal_Videos\Normal_Videos061_x264_1105.npz,Normal_Videos061_x264_1105,Normal_Videos,7,0
G:\event_frame_duration533326\event_frame_duration533326\Normal_Videos\Normal_Videos836_x264_2107.npz,Normal_Videos836_x264_2107,Normal_Videos,7,0
G:\event_frame_duration533326\event_frame_duration533326\Normal_Videos\Normal_Videos302_x264_111.npz,Normal_Videos302_x264_111,Normal_Videos,7,0
G:\event_frame_duration533326\event_frame_duration533326\Vandalism\Vandalism035_x264_74.npz,Vandalism035_x264_74,Vandalism,13,1
G:\event_frame_duration533326\event_frame_duration533326\Normal_Videos\Normal_Videos652_x264_205.npz,Normal_Videos652_x264_205,Normal_Videos,7,0
G:\event_frame_duration533326\event_frame_duration533326\RoadAccidents\RoadAccidents047_x264_27.npz,RoadAccidents047_x264_27,RoadAccidents,8,1
G:\event_frame_duration533326\event_frame_duration533326\Normal_Videos\Normal_Videos354_x264_112.npz,Normal_Videos354_x264_112,Normal_Videos,7,0
G:\event_frame_duration533326\event_frame_duration533326\Normal_Videos\Normal_Videos435_x264_71.npz,Normal_Videos435_x264_71,Normal_Videos,7,0
G:\event_frame_duration533326\event_frame_duration533326\RoadAccidents\RoadAccidents145_x264_71.npz,RoadAccidents145_x264_71,RoadAccidents,8,1
G:\event_frame_duration533326\event_frame_duration533326\Assualt\Assault009_x264_224.npz,Assault009_x264_224,Assault,3,1
G:\event_frame_duration533326\event_frame_duration533326\Stealing\Stealing075_x264_351.npz,Stealing075_x264_351,Stealing,12,1
G:\event_frame_duration533326\event_frame_duration533326\Normal_Videos\Normal_Videos503_x264_57.npz,Normal_Videos503_x264_57,Normal_Videos,7,0
G:\event_frame_duration533326\event_frame_duration533326\Burglary\Burglary002_x264_190.npz,Burglary002_x264_190,Burglary,4,1
G:\event_frame_duration533326\event_frame_duration533326\Normal_Videos\Normal_Videos508_x264_88.npz,Normal_Videos508_x264_88,Normal_Videos,7,0
G:\event_frame_duration533326\event_frame_duration533326\Normal_Videos\Normal_Videos842_x264_54.npz,Normal_Videos842_x264_54,Normal_Videos,7,0
G:\event_frame_duration533326\event_frame_duration533326\Burglary\Burglary047_x264_171.npz,Burglary047_x264_171,Burglary,4,1
G:\event_frame_duration533326\event_frame_duration533326\Normal_Videos\Normal_Videos258_x264_72.npz,Normal_Videos258_x264_72,Normal_Videos,7,0
G:\event_frame_duration533326\event_frame_duration533326\Burglary\Burglary055_x264_175.npz,Burglary055_x264_175,Burglary,4,1
G:\event_frame_duration533326\event_frame_duration533326\Arson\Arson031_x264_178.npz,Arson031_x264_178,Arson,2,1
G:\event_frame_duration533326\event_frame_duration533326\Robbery\Robbery049_x264_123.npz,Robbery049_x264_123,Robbery,9,1
G:\event_frame_duration533326\event_frame_duration533326\Normal_Videos\Normal_Videos370_x264_279.npz,Normal_Videos370_x264_279,Normal_Videos,7,0
G:\event_frame_duration533326\event_frame_duration533326\Normal_Videos\Normal_Videos143_x264_111.npz,Normal_Videos143_x264_111,Normal_Videos,7,0
G:\event_frame_duration533326\event_frame_duration533326\Normal_Videos\Normal_Videos600_x264_157.npz,Normal_Videos600_x264_157,Normal_Videos,7,0
G:\event_frame_duration533326\event_frame_duration533326\Normal_Videos\Normal_Videos013_x264_74.npz,Normal_Videos013_x264_74,Normal_Videos,7,0
G:\event_frame_duration533326\event_frame_duration533326\RoadAccidents\RoadAccidents073_x264_35.npz,RoadAccidents073_x264_35,RoadAccidents,8,1
G:\event_frame_duration533326\event_frame_duration533326\Assualt\Assault002_x264_157.npz,Assault002_x264_157,Assault,3,1
G:\event_frame_duration533326\event_frame_duration533326\Normal_Videos\Normal_Videos538_x264_61.npz,Normal_Videos538_x264_61,Normal_Videos,7,0
G:\event_frame_duration533326\event_frame_duration533326\Abuse\Abuse026_x264_123.npz,Abuse026_x264_123,Abuse,0,1
G:\event_frame_duration533326\event_frame_duration533326\RoadAccidents\RoadAccidents095_x264_71.npz,RoadAccidents095_x264_71,RoadAccidents,8,1
G:\event_frame_duration533326\event_frame_duration533326\Normal_Videos\Normal_Videos654_x264_161.npz,Normal_Videos654_x264_161,Normal_Videos,7,0
G:\event_frame_duration533326\event_frame_duration533326\Stealing\Stealing049_x264_91.npz,Stealing049_x264_91,Stealing,12,1
G:\event_frame_duration533326\event_frame_duration533326\Normal_Videos\Normal_Videos176_x264_355.npz,Normal_Videos176_x264_355,Normal_Videos,7,0
G:\event_frame_duration533326\event_frame_duration533326\Normal_Videos\Normal_Videos207_x264_162.npz,Normal_Videos207_x264_162,Normal_Videos,7,0
G:\event_frame_duration533326\event_frame_duration533326\Normal_Videos\Normal_Videos651_x264_86.npz,Normal_Videos651_x264_86,Normal_Videos,7,0
G:\event_frame_duration533326\event_frame_duration533326\Normal_Videos\Normal_Videos440_x264_51.npz,Normal_Videos440_x264_51,Normal_Videos,7,0
G:\event_frame_duration533326\event_frame_duration533326\Assualt\Assault044_x264_46.npz,Assault044_x264_46,Assault,3,1
G:\event_frame_duration533326\event_frame_duration533326\Normal_Videos\Normal_Videos442_x264_112.npz,Normal_Videos442_x264_112,Normal_Videos,7,0
G:\event_frame_duration533326\event_frame_duration533326\Normal_Videos\Normal_Videos114_x264_112.npz,Normal_Videos114_x264_112,Normal_Videos,7,0
G:\event_frame_duration533326\event_frame_duration533326\Robbery\Robbery023_x264npz_69.npz,Robbery023_x264npz_69,Robbery,9,1
G:\event_frame_duration533326\event_frame_duration533326\Burglary\Burglary025_x264_388.npz,Burglary025_x264_388,Burglary,4,1
G:\event_frame_duration533326\event_frame_duration533326\Normal_Videos\Normal_Videos232_x264_92.npz,Normal_Videos232_x264_92,Normal_Videos,7,0
G:\event_frame_duration533326\event_frame_duration533326\Normal_Videos\Normal_Videos423_x264_345.npz,Normal_Videos423_x264_345,Normal_Videos,7,0
G:\event_frame_duration533326\event_frame_duration533326\Burglary\Burglary094_x264_89.npz,Burglary094_x264_89,Burglary,4,1
G:\event_frame_duration533326\event_frame_duration533326\Robbery\Robbery094_x264_232.npz,Robbery094_x264_232,Robbery,9,1
G:\event_frame_duration533326\event_frame_duration533326\Shoplifting\Shoplifting052_x264_477.npz,Shoplifting052_x264_477,Shoplifting,11,1
G:\event_frame_duration533326\event_frame_duration533326\Burglary\Burglary083_x264_366.npz,Burglary083_x264_366,Burglary,4,1
G:\event_frame_duration533326\event_frame_duration533326\Normal_Videos\Normal_Videos301_x264_112.npz,Normal_Videos301_x264_112,Normal_Videos,7,0
G:\event_frame_duration533326\event_frame_duration533326\Stealing\Stealing081_x264_78.npz,Stealing081_x264_78,Stealing,12,1
G:\event_frame_duration533326\event_frame_duration533326\Burglary\Burglary098_x264_55.npz,Burglary098_x264_55,Burglary,4,1
G:\event_frame_duration533326\event_frame_duration533326\Assualt\Assault046_x264_58.npz,Assault046_x264_58,Assault,3,1
G:\event_frame_duration533326\event_frame_duration533326\Normal_Videos\Normal_Videos761_x264_202.npz,Normal_Videos761_x264_202,Normal_Videos,7,0
G:\event_frame_duration533326\event_frame_duration533326\RoadAccidents\RoadAccidents119_x264_114.npz,RoadAccidents119_x264_114,RoadAccidents,8,1
G:\event_frame_duration533326\event_frame_duration533326\Stealing\Stealing060_x264_94.npz,Stealing060_x264_94,Stealing,12,1
G:\event_frame_duration533326\event_frame_duration533326\Robbery\Robbery039_x264_32.npz,Robbery039_x264_32,Robbery,9,1
G:\event_frame_duration533326\event_frame_duration533326\Robbery\Robbery036_x264_385.npz,Robbery036_x264_385,Robbery,9,1
G:\event_frame_duration533326\event_frame_duration533326\RoadAccidents\RoadAccidents112_x264_58.npz,RoadAccidents112_x264_58,RoadAccidents,8,1
G:\event_frame_duration533326\event_frame_duration533326\Normal_Videos\Normal_Videos863_x264_113.npz,Normal_Videos863_x264_113,Normal_Videos,7,0
G:\event_frame_duration533326\event_frame_duration533326\Abuse\Abuse005_x264_57.npz,Abuse005_x264_57,Abuse,0,1
G:\event_frame_duration533326\event_frame_duration533326\Robbery\Robbery112_x264_85.npz,Robbery112_x264_85,Robbery,9,1
G:\event_frame_duration533326\event_frame_duration533326\Normal_Videos\Normal_Videos355_x264_55.npz,Normal_Videos355_x264_55,Normal_Videos,7,0
G:\event_frame_duration533326\event_frame_duration533326\Burglary\Burglary067_x264_81.npz,Burglary067_x264_81,Burglary,4,1
G:\event_frame_duration533326\event_frame_duration533326\RoadAccidents\RoadAccidents136_x264npz_181.npz,RoadAccidents136_x264npz_181,RoadAccidents,8,1
G:\event_frame_duration533326\event_frame_duration533326\Arrest\Arrest018_x264_149.npz,Arrest018_x264_149,Arrest,1,1
G:\event_frame_duration533326\event_frame_duration533326\Normal_Videos\Normal_Videos753_x264_55.npz,Normal_Videos753_x264_55,Normal_Videos,7,0
G:\event_frame_duration533326\event_frame_duration533326\Normal_Videos\Normal_Videos560_x264_1137.npz,Normal_Videos560_x264_1137,Normal_Videos,7,0
G:\event_frame_duration533326\event_frame_duration533326\Burglary\Burglary007_x264_67.npz,Burglary007_x264_67,Burglary,4,1
G:\event_frame_duration533326\event_frame_duration533326\Robbery\Robbery059_x264_602.npz,Robbery059_x264_602,Robbery,9,1
G:\event_frame_duration533326\event_frame_duration533326\Assualt\Assault026_x264_51.npz,Assault026_x264_51,Assault,3,1
G:\event_frame_duration533326\event_frame_duration533326\Abuse\Abuse014_x264_159.npz,Abuse014_x264_159,Abuse,0,1
G:\event_frame_duration533326\event_frame_duration533326\Shoplifting\Shoplifting054_x264_64.npz,Shoplifting054_x264_64,Shoplifting,11,1
G:\event_frame_duration533326\event_frame_duration533326\Fighting\Fighting022_x264_271.npz,Fighting022_x264_271,Fighting,6,1
G:\event_frame_duration533326\event_frame_duration533326\Abuse\Abuse016_x264_87.npz,Abuse016_x264_87,Abuse,0,1
G:\event_frame_duration533326\event_frame_duration533326\RoadAccidents\RoadAccidents069_x264_20.npz,RoadAccidents069_x264_20,RoadAccidents,8,1
G:\event_frame_duration533326\event_frame_duration533326\Normal_Videos\Normal_Videos616_x264_333.npz,Normal_Videos616_x264_333,Normal_Videos,7,0
G:\event_frame_duration533326\event_frame_duration533326\Normal_Videos\Normal_Videos349_x264_333.npz,Normal_Videos349_x264_333,Normal_Videos,7,0
G:\event_frame_duration533326\event_frame_duration533326\RoadAccidents\RoadAccidents099_x264_81.npz,RoadAccidents099_x264_81,RoadAccidents,8,1
G:\event_frame_duration533326\event_frame_duration533326\Normal_Videos\Normal_Videos848_x264_155.npz,Normal_Videos848_x264_155,Normal_Videos,7,0
G:\event_frame_duration533326\event_frame_duration533326\Robbery\Robbery081_x264_343.npz,Robbery081_x264_343,Robbery,9,1
G:\event_frame_duration533326\event_frame_duration533326\Robbery\Robbery080_x264_154.npz,Robbery080_x264_154,Robbery,9,1
G:\event_frame_duration533326\event_frame_duration533326\Normal_Videos\Normal_Videos096_x264_47.npz,Normal_Videos096_x264_47,Normal_Videos,7,0
G:\event_frame_duration533326\event_frame_duration533326\Normal_Videos\Normal_Videos228_x264_111.npz,Normal_Videos228_x264_111,Normal_Videos,7,0
G:\event_frame_duration533326\event_frame_duration533326\Normal_Videos\Normal_Videos454_x264_112.npz,Normal_Videos454_x264_112,Normal_Videos,7,0
G:\event_frame_duration533326\event_frame_duration533326\Normal_Videos\Normal_Videos522_x264_388.npz,Normal_Videos522_x264_388,Normal_Videos,7,0
G:\event_frame_duration533326\event_frame_duration533326\Burglary\Burglary014_x264_160.npz,Burglary014_x264_160,Burglary,4,1
G:\event_frame_duration533326\event_frame_duration533326\Normal_Videos\Normal_Videos731_x264_15.npz,Normal_Videos731_x264_15,Normal_Videos,7,0
G:\event_frame_duration533326\event_frame_duration533326\Normal_Videos\Normal_Videos577_x264_482.npz,Normal_Videos577_x264_482,Normal_Videos,7,0
G:\event_frame_duration533326\event_frame_duration533326\Normal_Videos\Normal_Videos108_x264_109.npz,Normal_Videos108_x264_109,Normal_Videos,7,0
G:\event_frame_duration533326\event_frame_duration533326\Normal_Videos\Normal_Videos022_x264_23.npz,Normal_Videos022_x264_23,Normal_Videos,7,0
G:\event_frame_duration533326\event_frame_duration533326\Normal_Videos\Normal_Videos149_x264_63.npz,Normal_Videos149_x264_63,Normal_Videos,7,0
G:\event_frame_duration533326\event_frame_duration533326\Burglary\Burglary090_x264_171.npz,Burglary090_x264_171,Burglary,4,1
G:\event_frame_duration533326\event_frame_duration533326\Burglary\Burglary001_x264_246.npz,Burglary001_x264_246,Burglary,4,1
G:\event_frame_duration533326\event_frame_duration533326\Vandalism\Vandalism034_x264_109.npz,Vandalism034_x264_109,Vandalism,13,1
G:\event_frame_duration533326\event_frame_duration533326\RoadAccidents\RoadAccidents098_x264_112.npz,RoadAccidents098_x264_112,RoadAccidents,8,1
G:\event_frame_duration533326\event_frame_duration533326\Arson\Arson047_x264_89.npz,Arson047_x264_89,Arson,2,1
G:\event_frame_duration533326\event_frame_duration533326\Assualt\Assault035_x264_55.npz,Assault035_x264_55,Assault,3,1
G:\event_frame_duration533326\event_frame_duration533326\Fighting\Fighting044_x264_392.npz,Fighting044_x264_392,Fighting,6,1
G:\event_frame_duration533326\event_frame_duration533326\Stealing\Stealing067_x264_130.npz,Stealing067_x264_130,Stealing,12,1
G:\event_frame_duration533326\event_frame_duration533326\Normal_Videos\Normal_Videos768_x264_62.npz,Normal_Videos768_x264_62,Normal_Videos,7,0
G:\event_frame_duration533326\event_frame_duration533326\Normal_Videos\Normal_Videos436_x264_131.npz,Normal_Videos436_x264_131,Normal_Videos,7,0
G:\event_frame_duration533326\event_frame_duration533326\Normal_Videos\Normal_Videos240_x264_260.npz,Normal_Videos240_x264_260,Normal_Videos,7,0
G:\event_frame_duration533326\event_frame_duration533326\Normal_Videos\Normal_Videos580_x264_225.npz,Normal_Videos580_x264_225,Normal_Videos,7,0
G:\event_frame_duration533326\event_frame_duration533326\Normal_Videos\Normal_Videos280_x264_158.npz,Normal_Videos280_x264_158,Normal_Videos,7,0
G:\event_frame_duration533326\event_frame_duration533326\Fighting\Fighting005_x264_110.npz,Fighting005_x264_110,Fighting,6,1
G:\event_frame_duration533326\event_frame_duration533326\Stealing\Stealing053_x264_815.npz,Stealing053_x264_815,Stealing,12,1
G:\event_frame_duration533326\event_frame_duration533326\Fighting\Fighting013_x264_89.npz,Fighting013_x264_89,Fighting,6,1
G:\event_frame_duration533326\event_frame_duration533326\Normal_Videos\Normal_Videos817_x264_170.npz,Normal_Videos817_x264_170,Normal_Videos,7,0
G:\event_frame_duration533326\event_frame_duration533326\Robbery\Robbery061_x264_228.npz,Robbery061_x264_228,Robbery,9,1
G:\event_frame_duration533326\event_frame_duration533326\Normal_Videos\Normal_Videos414_x264_32.npz,Normal_Videos414_x264_32,Normal_Videos,7,0
G:\event_frame_duration533326\event_frame_duration533326\Normal_Videos\Normal_Videos327_x264_102.npz,Normal_Videos327_x264_102,Normal_Videos,7,0
G:\event_frame_duration533326\event_frame_duration533326\Normal_Videos\Normal_Videos283_x264_561.npz,Normal_Videos283_x264_561,Normal_Videos,7,0
G:\event_frame_duration533326\event_frame_duration533326\Robbery\Robbery145_x264_83.npz,Robbery145_x264_83,Robbery,9,1
G:\event_frame_duration533326\event_frame_duration533326\Fighting\Fighting027_x264_240.npz,Fighting027_x264_240,Fighting,6,1
G:\event_frame_duration533326\event_frame_duration533326\Normal_Videos\Normal_Videos110_x264_194.npz,Normal_Videos110_x264_194,Normal_Videos,7,0
G:\event_frame_duration533326\event_frame_duration533326\Normal_Videos\Normal_Videos618_x264_120.npz,Normal_Videos618_x264_120,Normal_Videos,7,0
G:\event_frame_duration533326\event_frame_duration533326\Abuse\Abuse020_x264_192.npz,Abuse020_x264_192,Abuse,0,1
G:\event_frame_duration533326\event_frame_duration533326\Robbery\Robbery007_x264_128.npz,Robbery007_x264_128,Robbery,9,1
G:\event_frame_duration533326\event_frame_duration533326\Normal_Videos\Normal_Videos155_x264_13.npz,Normal_Videos155_x264_13,Normal_Videos,7,0
G:\event_frame_duration533326\event_frame_duration533326\Shooting\Shooting030_x264_75.npz,Shooting030_x264_75,Shooting,10,1
G:\event_frame_duration533326\event_frame_duration533326\Normal_Videos\Normal_Videos569_x264_182.npz,Normal_Videos569_x264_182,Normal_Videos,7,0
G:\event_frame_duration533326\event_frame_duration533326\Normal_Videos\Normal_Videos792_x264_524.npz,Normal_Videos792_x264_524,Normal_Videos,7,0
G:\event_frame_duration533326\event_frame_duration533326\Normal_Videos\Normal_Videos853_x264_68.npz,Normal_Videos853_x264_68,Normal_Videos,7,0
G:\event_frame_duration533326\event_frame_duration533326\Vandalism\Vandalism040_x264npz_64.npz,Vandalism040_x264npz_64,Vandalism,13,1
G:\event_frame_duration533326\event_frame_duration533326\Stealing\Stealing045_x264_665.npz,Stealing045_x264_665,Stealing,12,1
G:\event_frame_duration533326\event_frame_duration533326\Normal_Videos\Normal_Videos751_x264_56.npz,Normal_Videos751_x264_56,Normal_Videos,7,0
G:\event_frame_duration533326\event_frame_duration533326\Normal_Videos\Normal_Videos314_x264_70.npz,Normal_Videos314_x264_70,Normal_Videos,7,0
G:\event_frame_duration533326\event_frame_duration533326\Fighting\Fighting014_x264_293.npz,Fighting014_x264_293,Fighting,6,1
G:\event_frame_duration533326\event_frame_duration533326\Explosion\Explosion040_x264_285.npz,Explosion040_x264_285,Explosion,5,1
G:\event_frame_duration533326\event_frame_duration533326\Burglary\Burglary022_x264_176.npz,Burglary022_x264_176,Burglary,4,1
G:\event_frame_duration533326\event_frame_duration533326\Arrest\Arrest021_x264_545.npz,Arrest021_x264_545,Arrest,1,1
G:\event_frame_duration533326\event_frame_duration533326\Abuse\Abuse035_x264_166.npz,Abuse035_x264_166,Abuse,0,1
G:\event_frame_duration533326\event_frame_duration533326\Normal_Videos\Normal_Videos099_x264_128.npz,Normal_Videos099_x264_128,Normal_Videos,7,0
G:\event_frame_duration533326\event_frame_duration533326\Normal_Videos\Normal_Videos126_x264_174.npz,Normal_Videos126_x264_174,Normal_Videos,7,0
G:\event_frame_duration533326\event_frame_duration533326\Assualt\Assault016_x264_412.npz,Assault016_x264_412,Assault,3,1
G:\event_frame_duration533326\event_frame_duration533326\Normal_Videos\Normal_Videos785_x264_5061.npz,Normal_Videos785_x264_5061,Normal_Videos,7,0
G:\event_frame_duration533326\event_frame_duration533326\Normal_Videos\Normal_Videos461_x264_113.npz,Normal_Videos461_x264_113,Normal_Videos,7,0
G:\event_frame_duration533326\event_frame_duration533326\Assualt\Assault029_x264_37.npz,Assault029_x264_37,Assault,3,1
G:\event_frame_duration533326\event_frame_duration533326\Shooting\Shooting029_x264_85.npz,Shooting029_x264_85,Shooting,10,1
G:\event_frame_duration533326\event_frame_duration533326\Shooting\Shooting001_x264_16.npz,Shooting001_x264_16,Shooting,10,1
G:\event_frame_duration533326\event_frame_duration533326\Explosion\Explosion042_x264_172.npz,Explosion042_x264_172,Explosion,5,1
G:\event_frame_duration533326\event_frame_duration533326\Normal_Videos\Normal_Videos004_x264_56.npz,Normal_Videos004_x264_56,Normal_Videos,7,0
G:\event_frame_duration533326\event_frame_duration533326\Robbery\Robbery138_x264_38.npz,Robbery138_x264_38,Robbery,9,1
G:\event_frame_duration533326\event_frame_duration533326\Normal_Videos\Normal_Videos826_x264_102.npz,Normal_Videos826_x264_102,Normal_Videos,7,0
G:\event_frame_duration533326\event_frame_duration533326\Shoplifting\Shoplifting043_x264_594.npz,Shoplifting043_x264_594,Shoplifting,11,1
G:\event_frame_duration533326\event_frame_duration533326\Normal_Videos\Normal_Videos431_x264_184.npz,Normal_Videos431_x264_184,Normal_Videos,7,0
G:\event_frame_duration533326\event_frame_duration533326\Normal_Videos\Normal_Videos407_x264_31.npz,Normal_Videos407_x264_31,Normal_Videos,7,0
G:\event_frame_duration533326\event_frame_duration533326\Stealing\Stealing026_x264_171.npz,Stealing026_x264_171,Stealing,12,1
G:\event_frame_duration533326\event_frame_duration533326\Shooting\Shooting012_x264_117.npz,Shooting012_x264_117,Shooting,10,1
G:\event_frame_duration533326\event_frame_duration533326\Shooting\Shooting003_x264_142.npz,Shooting003_x264_142,Shooting,10,1
G:\event_frame_duration533326\event_frame_duration533326\Normal_Videos\Normal_Videos679_x264_447.npz,Normal_Videos679_x264_447,Normal_Videos,7,0
G:\event_frame_duration533326\event_frame_duration533326\Normal_Videos\Normal_Videos706_x264_56.npz,Normal_Videos706_x264_56,Normal_Videos,7,0
G:\event_frame_duration533326\event_frame_duration533326\Normal_Videos\Normal_Videos787_x264_374.npz,Normal_Videos787_x264_374,Normal_Videos,7,0
G:\event_frame_duration533326\event_frame_duration533326\Robbery\Robbery009_x264_199.npz,Robbery009_x264_199,Robbery,9,1
G:\event_frame_duration533326\event_frame_duration533326\Normal_Videos\Normal_Videos793_x264_179.npz,Normal_Videos793_x264_179,Normal_Videos,7,0
G:\event_frame_duration533326\event_frame_duration533326\Normal_Videos\Normal_Videos138_x264_8009_13.npz,Normal_Videos138_x264_8009_13,Normal_Videos,7,0
G:\event_frame_duration533326\event_frame_duration533326\RoadAccidents\RoadAccidents043_x264npz_11.npz,RoadAccidents043_x264npz_11,RoadAccidents,8,1
G:\event_frame_duration533326\event_frame_duration533326\Normal_Videos\Normal_Videos367_x264_293.npz,Normal_Videos367_x264_293,Normal_Videos,7,0
G:\event_frame_duration533326\event_frame_duration533326\Normal_Videos\Normal_Videos770_x264_37.npz,Normal_Videos770_x264_37,Normal_Videos,7,0
G:\event_frame_duration533326\event_frame_duration533326\Normal_Videos\Normal_Videos467_x264_340.npz,Normal_Videos467_x264_340,Normal_Videos,7,0
G:\event_frame_duration533326\event_frame_duration533326\Normal_Videos\Normal_Videos406_x264_49.npz,Normal_Videos406_x264_49,Normal_Videos,7,0
G:\event_frame_duration533326\event_frame_duration533326\Arson\Arson046_x264_128.npz,Arson046_x264_128,Arson,2,1
G:\event_frame_duration533326\event_frame_duration533326\Shooting\Shooting039_x264_52.npz,Shooting039_x264_52,Shooting,10,1
G:\event_frame_duration533326\event_frame_duration533326\Normal_Videos\Normal_Videos216_x264_212.npz,Normal_Videos216_x264_212,Normal_Videos,7,0
G:\event_frame_duration533326\event_frame_duration533326\Normal_Videos\Normal_Videos847_x264_220.npz,Normal_Videos847_x264_220,Normal_Videos,7,0
G:\event_frame_duration533326\event_frame_duration533326\Normal_Videos\Normal_Videos546_x264_208.npz,Normal_Videos546_x264_208,Normal_Videos,7,0
G:\event_frame_duration533326\event_frame_duration533326\Normal_Videos\Normal_Videos170_x264_67.npz,Normal_Videos170_x264_67,Normal_Videos,7,0
G:\event_frame_duration533326\event_frame_duration533326\Shooting\Shooting050_x264_239.npz,Shooting050_x264_239,Shooting,10,1
G:\event_frame_duration533326\event_frame_duration533326\Normal_Videos\Normal_Videos032_x264_51.npz,Normal_Videos032_x264_51,Normal_Videos,7,0
G:\event_frame_duration533326\event_frame_duration533326\Normal_Videos\Normal_Videos038_x264_184.npz,Normal_Videos038_x264_184,Normal_Videos,7,0
G:\event_frame_duration533326\event_frame_duration533326\Explosion\Explosion026_x264_160.npz,Explosion026_x264_160,Explosion,5,1
G:\event_frame_duration533326\event_frame_duration533326\Normal_Videos\Normal_Videos812_x264_167.npz,Normal_Videos812_x264_167,Normal_Videos,7,0
G:\event_frame_duration533326\event_frame_duration533326\Fighting\Fighting030_x264_139.npz,Fighting030_x264_139,Fighting,6,1
G:\event_frame_duration533326\event_frame_duration533326\Normal_Videos\Normal_Videos537_x264_253.npz,Normal_Videos537_x264_253,Normal_Videos,7,0
G:\event_frame_duration533326\event_frame_duration533326\Explosion\Explosion001_x264_37.npz,Explosion001_x264_37,Explosion,5,1
G:\event_frame_duration533326\event_frame_duration533326\Burglary\Burglary019_x264_181.npz,Burglary019_x264_181,Burglary,4,1
G:\event_frame_duration533326\event_frame_duration533326\Normal_Videos\Normal_Videos344_x264_12.npz,Normal_Videos344_x264_12,Normal_Videos,7,0
G:\event_frame_duration533326\event_frame_duration533326\Robbery\Robbery109_x264_188.npz,Robbery109_x264_188,Robbery,9,1
G:\event_frame_duration533326\event_frame_duration533326\RoadAccidents\RoadAccidents085_x264_277.npz,RoadAccidents085_x264_277,RoadAccidents,8,1
G:\event_frame_duration533326\event_frame_duration533326\Stealing\Stealing082_x264_104.npz,Stealing082_x264_104,Stealing,12,1
G:\event_frame_duration533326\event_frame_duration533326\RoadAccidents\RoadAccidents091_x264_83.npz,RoadAccidents091_x264_83,RoadAccidents,8,1
G:\event_frame_duration533326\event_frame_duration533326\Stealing\Stealing105_x264_69.npz,Stealing105_x264_69,Stealing,12,1
G:\event_frame_duration533326\event_frame_duration533326\Normal_Videos\Normal_Videos379_x264_67.npz,Normal_Videos379_x264_67,Normal_Videos,7,0
G:\event_frame_duration533326\event_frame_duration533326\Stealing\Stealing069_x264_49.npz,Stealing069_x264_49,Stealing,12,1
G:\event_frame_duration533326\event_frame_duration533326\Normal_Videos\Normal_Videos800_x264_29.npz,Normal_Videos800_x264_29,Normal_Videos,7,0
G:\event_frame_duration533326\event_frame_duration533326\Normal_Videos\Normal_Videos693_x264_43.npz,Normal_Videos693_x264_43,Normal_Videos,7,0
G:\event_frame_duration533326\event_frame_duration533326\Shoplifting\Shoplifting047_x264_148.npz,Shoplifting047_x264_148,Shoplifting,11,1
G:\event_frame_duration533326\event_frame_duration533326\Burglary\Burglary081_x264_24.npz,Burglary081_x264_24,Burglary,4,1
G:\event_frame_duration533326\event_frame_duration533326\Robbery\Robbery133_x264_111.npz,Robbery133_x264_111,Robbery,9,1
G:\event_frame_duration533326\event_frame_duration533326\Normal_Videos\Normal_Videos330_x264_96.npz,Normal_Videos330_x264_96,Normal_Videos,7,0
G:\event_frame_duration533326\event_frame_duration533326\Normal_Videos\Normal_Videos622_x264_159.npz,Normal_Videos622_x264_159,Normal_Videos,7,0
G:\event_frame_duration533326\event_frame_duration533326\Shoplifting\Shoplifting053_x264npz_130.npz,Shoplifting053_x264npz_130,Shoplifting,11,1
G:\event_frame_duration533326\event_frame_duration533326\Normal_Videos\Normal_Videos098_x264_208.npz,Normal_Videos098_x264_208,Normal_Videos,7,0
G:\event_frame_duration533326\event_frame_duration533326\Normal_Videos\Normal_Videos631_x264_423.npz,Normal_Videos631_x264_423,Normal_Videos,7,0
G:\event_frame_duration533326\event_frame_duration533326\Abuse\Abuse036_x264_292.npz,Abuse036_x264_292,Abuse,0,1
G:\event_frame_duration533326\event_frame_duration533326\RoadAccidents\RoadAccidents149_x264_133.npz,RoadAccidents149_x264_133,RoadAccidents,8,1
G:\event_frame_duration533326\event_frame_duration533326\Burglary\Burglary015_x264_68.npz,Burglary015_x264_68,Burglary,4,1
G:\event_frame_duration533326\event_frame_duration533326\Normal_Videos\Normal_Videos474_x264_355.npz,Normal_Videos474_x264_355,Normal_Videos,7,0
G:\event_frame_duration533326\event_frame_duration533326\Normal_Videos\Normal_Videos920_x264_72.npz,Normal_Videos920_x264_72,Normal_Videos,7,0
G:\event_frame_duration533326\event_frame_duration533326\Stealing\Stealing052_x264_210.npz,Stealing052_x264_210,Stealing,12,1
G:\event_frame_duration533326\event_frame_duration533326\Arson\Arson037_x264_49.npz,Arson037_x264_49,Arson,2,1
G:\event_frame_duration533326\event_frame_duration533326\Normal_Videos\Normal_Videos145_x264_280.npz,Normal_Videos145_x264_280,Normal_Videos,7,0
G:\event_frame_duration533326\event_frame_duration533326\Abuse\Abuse003_x264_229.npz,Abuse003_x264_229,Abuse,0,1
G:\event_frame_duration533326\event_frame_duration533326\Normal_Videos\Normal_Videos519_x264_107.npz,Normal_Videos519_x264_107,Normal_Videos,7,0
G:\event_frame_duration533326\event_frame_duration533326\RoadAccidents\RoadAccidents113_x264_113.npz,RoadAccidents113_x264_113,RoadAccidents,8,1
G:\event_frame_duration533326\event_frame_duration533326\Normal_Videos\Normal_Videos186_x264_542.npz,Normal_Videos186_x264_542,Normal_Videos,7,0
G:\event_frame_duration533326\event_frame_duration533326\Normal_Videos\Normal_Videos358_x264_121.npz,Normal_Videos358_x264_121,Normal_Videos,7,0
G:\event_frame_duration533326\event_frame_duration533326\Normal_Videos\Normal_Videos723_x264_273.npz,Normal_Videos723_x264_273,Normal_Videos,7,0
G:\event_frame_duration533326\event_frame_duration533326\Normal_Videos\Normal_Videos138_x264_8009_3.npz,Normal_Videos138_x264_8009_3,Normal_Videos,7,0
G:\event_frame_duration533326\event_frame_duration533326\Vandalism\Vandalism044_x264_287.npz,Vandalism044_x264_287,Vandalism,13,1
G:\event_frame_duration533326\event_frame_duration533326\Normal_Videos\Normal_Videos233_x264_56.npz,Normal_Videos233_x264_56,Normal_Videos,7,0
G:\event_frame_duration533326\event_frame_duration533326\Normal_Videos\Normal_Videos115_x264_18.npz,Normal_Videos115_x264_18,Normal_Videos,7,0
G:\event_frame_duration533326\event_frame_duration533326\Normal_Videos\Normal_Videos499_x264_145.npz,Normal_Videos499_x264_145,Normal_Videos,7,0
G:\event_frame_duration533326\event_frame_duration533326\Normal_Videos\Normal_Videos095_x264_64.npz,Normal_Videos095_x264_64,Normal_Videos,7,0
G:\event_frame_duration533326\event_frame_duration533326\Normal_Videos\Normal_Videos256_x264_117.npz,Normal_Videos256_x264_117,Normal_Videos,7,0
G:\event_frame_duration533326\event_frame_duration533326\Normal_Videos\Normal_Videos001_x264_35.npz,Normal_Videos001_x264_35,Normal_Videos,7,0
G:\event_frame_duration533326\event_frame_duration533326\Robbery\Robbery069_x264_42.npz,Robbery069_x264_42,Robbery,9,1
G:\event_frame_duration533326\event_frame_duration533326\Normal_Videos\Normal_Videos112_x264_50.npz,Normal_Videos112_x264_50,Normal_Videos,7,0
G:\event_frame_duration533326\event_frame_duration533326\Arson\Arson025_x264_328.npz,Arson025_x264_328,Arson,2,1
G:\event_frame_duration533326\event_frame_duration533326\Robbery\Robbery073_x264_468.npz,Robbery073_x264_468,Robbery,9,1
G:\event_frame_duration533326\event_frame_duration533326\Robbery\Robbery015_x264_170.npz,Robbery015_x264_170,Robbery,9,1
G:\event_frame_duration533326\event_frame_duration533326\RoadAccidents\RoadAccidents014_x264_743.npz,RoadAccidents014_x264_743,RoadAccidents,8,1
G:\event_frame_duration533326\event_frame_duration533326\RoadAccidents\RoadAccidents058_x264_43.npz,RoadAccidents058_x264_43,RoadAccidents,8,1
G:\event_frame_duration533326\event_frame_duration533326\Abuse\Abuse009_x264_63.npz,Abuse009_x264_63,Abuse,0,1
G:\event_frame_duration533326\event_frame_duration533326\Normal_Videos\Normal_Videos470_x264_74.npz,Normal_Videos470_x264_74,Normal_Videos,7,0
G:\event_frame_duration533326\event_frame_duration533326\Normal_Videos\Normal_Videos180_x264_344.npz,Normal_Videos180_x264_344,Normal_Videos,7,0
G:\event_frame_duration533326\event_frame_duration533326\Normal_Videos\Normal_Videos608_x264_558.npz,Normal_Videos608_x264_558,Normal_Videos,7,0
G:\event_frame_duration533326\event_frame_duration533326\Normal_Videos\Normal_Videos282_x264_256.npz,Normal_Videos282_x264_256,Normal_Videos,7,0
G:\event_frame_duration533326\event_frame_duration533326\Normal_Videos\Normal_Videos102_x264_63.npz,Normal_Videos102_x264_63,Normal_Videos,7,0
G:\event_frame_duration533326\event_frame_duration533326\Stealing\Stealing013_x264_577.npz,Stealing013_x264_577,Stealing,12,1
G:\event_frame_duration533326\event_frame_duration533326\Normal_Videos\Normal_Videos757_x264_62.npz,Normal_Videos757_x264_62,Normal_Videos,7,0
G:\event_frame_duration533326\event_frame_duration533326\Shooting\Shooting014_x264_400.npz,Shooting014_x264_400,Shooting,10,1
G:\event_frame_duration533326\event_frame_duration533326\Shoplifting\Shoplifting038_x264_181.npz,Shoplifting038_x264_181,Shoplifting,11,1
G:\event_frame_duration533326\event_frame_duration533326\Vandalism\Vandalism005_x264_101.npz,Vandalism005_x264_101,Vandalism,13,1
G:\event_frame_duration533326\event_frame_duration533326\Normal_Videos\Normal_Videos497_x264_120.npz,Normal_Videos497_x264_120,Normal_Videos,7,0
G:\event_frame_duration533326\event_frame_duration533326\Fighting\Fighting032_x264_83.npz,Fighting032_x264_83,Fighting,6,1
G:\event_frame_duration533326\event_frame_duration533326\Arson\Arson034_x264_150.npz,Arson034_x264_150,Arson,2,1
G:\event_frame_duration533326\event_frame_duration533326\Stealing\Stealing110_x264_108.npz,Stealing110_x264_108,Stealing,12,1
G:\event_frame_duration533326\event_frame_duration533326\Normal_Videos\Normal_Videos596_x264_170.npz,Normal_Videos596_x264_170,Normal_Videos,7,0
G:\event_frame_duration533326\event_frame_duration533326\Burglary\Burglary093_x264_46.npz,Burglary093_x264_46,Burglary,4,1
G:\event_frame_duration533326\event_frame_duration533326\Normal_Videos\Normal_Videos304_x264_179.npz,Normal_Videos304_x264_179,Normal_Videos,7,0
G:\event_frame_duration533326\event_frame_duration533326\Abuse\Abuse034_x264_97.npz,Abuse034_x264_97,Abuse,0,1
G:\event_frame_duration533326\event_frame_duration533326\Vandalism\Vandalism016_x264_362.npz,Vandalism016_x264_362,Vandalism,13,1
G:\event_frame_duration533326\event_frame_duration533326\Normal_Videos\Normal_Videos515_x264_549.npz,Normal_Videos515_x264_549,Normal_Videos,7,0
G:\event_frame_duration533326\event_frame_duration533326\Normal_Videos\Normal_Videos199_x264_438.npz,Normal_Videos199_x264_438,Normal_Videos,7,0
G:\event_frame_duration533326\event_frame_duration533326\Shoplifting\Shoplifting009_x264_324.npz,Shoplifting009_x264_324,Shoplifting,11,1
G:\event_frame_duration533326\event_frame_duration533326\Arson\Arson017_x264_86.npz,Arson017_x264_86,Arson,2,1
G:\event_frame_duration533326\event_frame_duration533326\Stealing\Stealing077_x264_1198.npz,Stealing077_x264_1198,Stealing,12,1
G:\event_frame_duration533326\event_frame_duration533326\Assualt\Assault008_x264_469.npz,Assault008_x264_469,Assault,3,1
G:\event_frame_duration533326\event_frame_duration533326\Assualt\Assault025_x264_70.npz,Assault025_x264_70,Assault,3,1
G:\event_frame_duration533326\event_frame_duration533326\Arson\Arson032_x264_169.npz,Arson032_x264_169,Arson,2,1
G:\event_frame_duration533326\event_frame_duration533326\Normal_Videos\Normal_Videos649_x264_66.npz,Normal_Videos649_x264_66,Normal_Videos,7,0
G:\event_frame_duration533326\event_frame_duration533326\Burglary\Burglary074_x264_138.npz,Burglary074_x264_138,Burglary,4,1
G:\event_frame_duration533326\event_frame_duration533326\Stealing\Stealing046_x264_643.npz,Stealing046_x264_643,Stealing,12,1
G:\event_frame_duration533326\event_frame_duration533326\Assualt\Assault039_x264_17.npz,Assault039_x264_17,Assault,3,1
G:\event_frame_duration533326\event_frame_duration533326\Stealing\Stealing015_x264_111.npz,Stealing015_x264_111,Stealing,12,1
G:\event_frame_duration533326\event_frame_duration533326\Robbery\Robbery063_x264_132.npz,Robbery063_x264_132,Robbery,9,1
G:\event_frame_duration533326\event_frame_duration533326\Burglary\Burglary041_x264_112.npz,Burglary041_x264_112,Burglary,4,1
G:\event_frame_duration533326\event_frame_duration533326\Abuse\Abuse048_x264_211.npz,Abuse048_x264_211,Abuse,0,1
G:\event_frame_duration533326\event_frame_duration533326\Explosion\Explosion038_x264_168.npz,Explosion038_x264_168,Explosion,5,1
G:\event_frame_duration533326\event_frame_duration533326\RoadAccidents\RoadAccidents006_x264_105.npz,RoadAccidents006_x264_105,RoadAccidents,8,1
G:\event_frame_duration533326\event_frame_duration533326\Normal_Videos\Normal_Videos799_x264_227.npz,Normal_Videos799_x264_227,Normal_Videos,7,0
G:\event_frame_duration533326\event_frame_duration533326\Normal_Videos\Normal_Videos416_x264_84.npz,Normal_Videos416_x264_84,Normal_Videos,7,0
G:\event_frame_duration533326\event_frame_duration533326\Stealing\Stealing084_x264_982.npz,Stealing084_x264_982,Stealing,12,1
G:\event_frame_duration533326\event_frame_duration533326\Normal_Videos\Normal_Videos429_x264_213.npz,Normal_Videos429_x264_213,Normal_Videos,7,0
G:\event_frame_duration533326\event_frame_duration533326\Stealing\Stealing043_x264_300.npz,Stealing043_x264_300,Stealing,12,1
G:\event_frame_duration533326\event_frame_duration533326\Normal_Videos\Normal_Videos250_x264_224.npz,Normal_Videos250_x264_224,Normal_Videos,7,0
G:\event_frame_duration533326\event_frame_duration533326\Normal_Videos\Normal_Videos738_x264_66.npz,Normal_Videos738_x264_66,Normal_Videos,7,0
G:\event_frame_duration533326\event_frame_duration533326\Stealing\Stealing010_x264_188.npz,Stealing010_x264_188,Stealing,12,1
G:\event_frame_duration533326\event_frame_duration533326\Robbery\Robbery011_x264_101.npz,Robbery011_x264_101,Robbery,9,1
G:\event_frame_duration533326\event_frame_duration533326\Burglary\Burglary087_x264_137.npz,Burglary087_x264_137,Burglary,4,1
G:\event_frame_duration533326\event_frame_duration533326\Normal_Videos\Normal_Videos146_x264_50.npz,Normal_Videos146_x264_50,Normal_Videos,7,0
G:\event_frame_duration533326\event_frame_duration533326\Arson\Arson003_x264_249.npz,Arson003_x264_249,Arson,2,1
G:\event_frame_duration533326\event_frame_duration533326\Normal_Videos\Normal_Videos193_x264_222.npz,Normal_Videos193_x264_222,Normal_Videos,7,0
G:\event_frame_duration533326\event_frame_duration533326\Normal_Videos\Normal_Videos105_x264_43.npz,Normal_Videos105_x264_43,Normal_Videos,7,0
G:\event_frame_duration533326\event_frame_duration533326\Abuse\Abuse013_x264_304.npz,Abuse013_x264_304,Abuse,0,1
G:\event_frame_duration533326\event_frame_duration533326\Burglary\Burglary026_x264_93.npz,Burglary026_x264_93,Burglary,4,1
G:\event_frame_duration533326\event_frame_duration533326\Normal_Videos\Normal_Videos351_x264_368.npz,Normal_Videos351_x264_368,Normal_Videos,7,0
G:\event_frame_duration533326\event_frame_duration533326\Normal_Videos\Normal_Videos364_x264_43.npz,Normal_Videos364_x264_43,Normal_Videos,7,0
G:\event_frame_duration533326\event_frame_duration533326\Fighting\Fighting012_x264_72.npz,Fighting012_x264_72,Fighting,6,1
G:\event_frame_duration533326\event_frame_duration533326\Arrest\Arrest035_x264_386.npz,Arrest035_x264_386,Arrest,1,1
G:\event_frame_duration533326\event_frame_duration533326\Normal_Videos\Normal_Videos162_x264_72.npz,Normal_Videos162_x264_72,Normal_Videos,7,0
G:\event_frame_duration533326\event_frame_duration533326\Robbery\Robbery117_x264_209.npz,Robbery117_x264_209,Robbery,9,1
G:\event_frame_duration533326\event_frame_duration533326\Normal_Videos\Normal_Videos109_x264_106.npz,Normal_Videos109_x264_106,Normal_Videos,7,0
G:\event_frame_duration533326\event_frame_duration533326\Normal_Videos\Normal_Videos395_x264_29.npz,Normal_Videos395_x264_29,Normal_Videos,7,0
G:\event_frame_duration533326\event_frame_duration533326\Normal_Videos\Normal_Videos036_x264_81.npz,Normal_Videos036_x264_81,Normal_Videos,7,0
G:\event_frame_duration533326\event_frame_duration533326\Assualt\Assault015_x264_93.npz,Assault015_x264_93,Assault,3,1
G:\event_frame_duration533326\event_frame_duration533326\Normal_Videos\Normal_Videos373_x264_30.npz,Normal_Videos373_x264_30,Normal_Videos,7,0
G:\event_frame_duration533326\event_frame_duration533326\RoadAccidents\RoadAccidents065_x264_7.npz,RoadAccidents065_x264_7,RoadAccidents,8,1
G:\event_frame_duration533326\event_frame_duration533326\Normal_Videos\Normal_Videos227_x264_102.npz,Normal_Videos227_x264_102,Normal_Videos,7,0
G:\event_frame_duration533326\event_frame_duration533326\RoadAccidents\RoadAccidents129_x264_15.npz,RoadAccidents129_x264_15,RoadAccidents,8,1
G:\event_frame_duration533326\event_frame_duration533326\RoadAccidents\RoadAccidents106_x264_149.npz,RoadAccidents106_x264_149,RoadAccidents,8,1
G:\event_frame_duration533326\event_frame_duration533326\Vandalism\Vandalism038_x264npz_176.npz,Vandalism038_x264npz_176,Vandalism,13,1
G:\event_frame_duration533326\event_frame_duration533326\Normal_Videos\Normal_Videos582_x264_264.npz,Normal_Videos582_x264_264,Normal_Videos,7,0
G:\event_frame_duration533326\event_frame_duration533326\Burglary\Burglary086_x264_202.npz,Burglary086_x264_202,Burglary,4,1
G:\event_frame_duration533326\event_frame_duration533326\Normal_Videos\Normal_Videos695_x264_404.npz,Normal_Videos695_x264_404,Normal_Videos,7,0
G:\event_frame_duration533326\event_frame_duration533326\Normal_Videos\Normal_Videos850_x264_133.npz,Normal_Videos850_x264_133,Normal_Videos,7,0
G:\event_frame_duration533326\event_frame_duration533326\Stealing\Stealing097_x264_71.npz,Stealing097_x264_71,Stealing,12,1
G:\event_frame_duration533326\event_frame_duration533326\Normal_Videos\Normal_Videos490_x264_512.npz,Normal_Videos490_x264_512,Normal_Videos,7,0
G:\event_frame_duration533326\event_frame_duration533326\Normal_Videos\Normal_Videos082_x264_74.npz,Normal_Videos082_x264_74,Normal_Videos,7,0
G:\event_frame_duration533326\event_frame_duration533326\Normal_Videos\Normal_Videos585_x264_111.npz,Normal_Videos585_x264_111,Normal_Videos,7,0
G:\event_frame_duration533326\event_frame_duration533326\RoadAccidents\RoadAccidents087_x264_265.npz,RoadAccidents087_x264_265,RoadAccidents,8,1
G:\event_frame_duration533326\event_frame_duration533326\Stealing\Stealing111_x264_293.npz,Stealing111_x264_293,Stealing,12,1
G:\event_frame_duration533326\event_frame_duration533326\Normal_Videos\Normal_Videos624_x264_309.npz,Normal_Videos624_x264_309,Normal_Videos,7,0
G:\event_frame_duration533326\event_frame_duration533326\Burglary\Burglary065_x264_584.npz,Burglary065_x264_584,Burglary,4,1
G:\event_frame_duration533326\event_frame_duration533326\Robbery\Robbery127_x264_78.npz,Robbery127_x264_78,Robbery,9,1
G:\event_frame_duration533326\event_frame_duration533326\Normal_Videos\Normal_Videos277_x264_1519.npz,Normal_Videos277_x264_1519,Normal_Videos,7,0
G:\event_frame_duration533326\event_frame_duration533326\Normal_Videos\Normal_Videos539_x264_62.npz,Normal_Videos539_x264_62,Normal_Videos,7,0
G:\event_frame_duration533326\event_frame_duration533326\RoadAccidents\RoadAccidents105_x264_134.npz,RoadAccidents105_x264_134,RoadAccidents,8,1
G:\event_frame_duration533326\event_frame_duration533326\Normal_Videos\Normal_Videos426_x264_109.npz,Normal_Videos426_x264_109,Normal_Videos,7,0
G:\event_frame_duration533326\event_frame_duration533326\Robbery\Robbery046_x264_52.npz,Robbery046_x264_52,Robbery,9,1
G:\event_frame_duration533326\event_frame_duration533326\Burglary\Burglary028_x264_59.npz,Burglary028_x264_59,Burglary,4,1
G:\event_frame_duration533326\event_frame_duration533326\Normal_Videos\Normal_Videos376_x264_284.npz,Normal_Videos376_x264_284,Normal_Videos,7,0
G:\event_frame_duration533326\event_frame_duration533326\Normal_Videos\Normal_Videos043_x264_107.npz,Normal_Videos043_x264_107,Normal_Videos,7,0
G:\event_frame_duration533326\event_frame_duration533326\Normal_Videos\Normal_Videos919_x264_22.npz,Normal_Videos919_x264_22,Normal_Videos,7,0
G:\event_frame_duration533326\event_frame_duration533326\RoadAccidents\RoadAccidents100_x264_34.npz,RoadAccidents100_x264_34,RoadAccidents,8,1
G:\event_frame_duration533326\event_frame_duration533326\RoadAccidents\RoadAccidents079_x264_82.npz,RoadAccidents079_x264_82,RoadAccidents,8,1
G:\event_frame_duration533326\event_frame_duration533326\Shoplifting\Shoplifting055_x264_423.npz,Shoplifting055_x264_423,Shoplifting,11,1
G:\event_frame_duration533326\event_frame_duration533326\Arson\Arson005_x264_72.npz,Arson005_x264_72,Arson,2,1
G:\event_frame_duration533326\event_frame_duration533326\Normal_Videos\Normal_Videos445_x264_132.npz,Normal_Videos445_x264_132,Normal_Videos,7,0
G:\event_frame_duration533326\event_frame_duration533326\Normal_Videos\Normal_Videos604_x264_90.npz,Normal_Videos604_x264_90,Normal_Videos,7,0
G:\event_frame_duration533326\event_frame_duration533326\Abuse\Abuse010_x264_70.npz,Abuse010_x264_70,Abuse,0,1
G:\event_frame_duration533326\event_frame_duration533326\Stealing\Stealing061_x264_149.npz,Stealing061_x264_149,Stealing,12,1
G:\event_frame_duration533326\event_frame_duration533326\Normal_Videos\Normal_Videos526_x264_546.npz,Normal_Videos526_x264_546,Normal_Videos,7,0
G:\event_frame_duration533326\event_frame_duration533326\Normal_Videos\Normal_Videos844_x264_40.npz,Normal_Videos844_x264_40,Normal_Videos,7,0
G:\event_frame_duration533326\event_frame_duration533326\Robbery\Robbery144_x264_49.npz,Robbery144_x264_49,Robbery,9,1
G:\event_frame_duration533326\event_frame_duration533326\Robbery\Robbery087_x264_62.npz,Robbery087_x264_62,Robbery,9,1
G:\event_frame_duration533326\event_frame_duration533326\RoadAccidents\RoadAccidents116_x264npz_38.npz,RoadAccidents116_x264npz_38,RoadAccidents,8,1
G:\event_frame_duration533326\event_frame_duration533326\Shooting\Shooting053_x264_57.npz,Shooting053_x264_57,Shooting,10,1
G:\event_frame_duration533326\event_frame_duration533326\Normal_Videos\Normal_Videos378_x264_29.npz,Normal_Videos378_x264_29,Normal_Videos,7,0
G:\event_frame_duration533326\event_frame_duration533326\Robbery\Robbery062_x264_224.npz,Robbery062_x264_224,Robbery,9,1
G:\event_frame_duration533326\event_frame_duration533326\Burglary\Burglary039_x264_587.npz,Burglary039_x264_587,Burglary,4,1
G:\event_frame_duration533326\event_frame_duration533326\Normal_Videos\Normal_Videos493_x264_56.npz,Normal_Videos493_x264_56,Normal_Videos,7,0
G:\event_frame_duration533326\event_frame_duration533326\Normal_Videos\Normal_Videos366_x264_40.npz,Normal_Videos366_x264_40,Normal_Videos,7,0
G:\event_frame_duration533326\event_frame_duration533326\Abuse\Abuse042_x264_1779.npz,Abuse042_x264_1779,Abuse,0,1
G:\event_frame_duration533326\event_frame_duration533326\Normal_Videos\Normal_Videos860_x264_66.npz,Normal_Videos860_x264_66,Normal_Videos,7,0
G:\event_frame_duration533326\event_frame_duration533326\Robbery\Robbery020_x264_274.npz,Robbery020_x264_274,Robbery,9,1
G:\event_frame_duration533326\event_frame_duration533326\Normal_Videos\Normal_Videos456_x264_247.npz,Normal_Videos456_x264_247,Normal_Videos,7,0
G:\event_frame_duration533326\event_frame_duration533326\Vandalism\Vandalism050_x264npz_57.npz,Vandalism050_x264npz_57,Vandalism,13,1
G:\event_frame_duration533326\event_frame_duration533326\Normal_Videos\Normal_Videos138_x264_8009_11.npz,Normal_Videos138_x264_8009_11,Normal_Videos,7,0
G:\event_frame_duration533326\event_frame_duration533326\Normal_Videos\Normal_Videos047_x264_444.npz,Normal_Videos047_x264_444,Normal_Videos,7,0
G:\event_frame_duration533326\event_frame_duration533326\RoadAccidents\RoadAccidents135_x264_73.npz,RoadAccidents135_x264_73,RoadAccidents,8,1
G:\event_frame_duration533326\event_frame_duration533326\Arson\Arson053_x264_421.npz,Arson053_x264_421,Arson,2,1
G:\event_frame_duration533326\event_frame_duration533326\Normal_Videos\Normal_Videos427_x264_107.npz,Normal_Videos427_x264_107,Normal_Videos,7,0
G:\event_frame_duration533326\event_frame_duration533326\Robbery\Robbery067_x264_249.npz,Robbery067_x264_249,Robbery,9,1
G:\event_frame_duration533326\event_frame_duration533326\Normal_Videos\Normal_Videos861_x264_89.npz,Normal_Videos861_x264_89,Normal_Videos,7,0
G:\event_frame_duration533326\event_frame_duration533326\Abuse\Abuse006_x264_271.npz,Abuse006_x264_271,Abuse,0,1
G:\event_frame_duration533326\event_frame_duration533326\Robbery\Robbery052_x264_224.npz,Robbery052_x264_224,Robbery,9,1
G:\event_frame_duration533326\event_frame_duration533326\Normal_Videos\Normal_Videos359_x264_56.npz,Normal_Videos359_x264_56,Normal_Videos,7,0
G:\event_frame_duration533326\event_frame_duration533326\Normal_Videos\Normal_Videos865_x264_103.npz,Normal_Videos865_x264_103,Normal_Videos,7,0
G:\event_frame_duration533326\event_frame_duration533326\RoadAccidents\RoadAccidents093_x264_113.npz,RoadAccidents093_x264_113,RoadAccidents,8,1
G:\event_frame_duration533326\event_frame_duration533326\Normal_Videos\Normal_Videos514_x264_286.npz,Normal_Videos514_x264_286,Normal_Videos,7,0
G:\event_frame_duration533326\event_frame_duration533326\Normal_Videos\Normal_Videos784_x264_61.npz,Normal_Videos784_x264_61,Normal_Videos,7,0
G:\event_frame_duration533326\event_frame_duration533326\Fighting\Fighting049_x264_96.npz,Fighting049_x264_96,Fighting,6,1
G:\event_frame_duration533326\event_frame_duration533326\Normal_Videos\Normal_Videos942_x264_45.npz,Normal_Videos942_x264_45,Normal_Videos,7,0
G:\event_frame_duration533326\event_frame_duration533326\Normal_Videos\Normal_Videos252_x264_111.npz,Normal_Videos252_x264_111,Normal_Videos,7,0
G:\event_frame_duration533326\event_frame_duration533326\Normal_Videos\Normal_Videos065_x264_53.npz,Normal_Videos065_x264_53,Normal_Videos,7,0
G:\event_frame_duration533326\event_frame_duration533326\Burglary\Burglary036_x264_62.npz,Burglary036_x264_62,Burglary,4,1
G:\event_frame_duration533326\event_frame_duration533326\Vandalism\Vandalism031_x264_112.npz,Vandalism031_x264_112,Vandalism,13,1
G:\event_frame_duration533326\event_frame_duration533326\Normal_Videos\Normal_Videos523_x264_24.npz,Normal_Videos523_x264_24,Normal_Videos,7,0
G:\event_frame_duration533326\event_frame_duration533326\Abuse\Abuse017_x264_118.npz,Abuse017_x264_118,Abuse,0,1
G:\event_frame_duration533326\event_frame_duration533326\Normal_Videos\Normal_Videos371_x264_2307.npz,Normal_Videos371_x264_2307,Normal_Videos,7,0
G:\event_frame_duration533326\event_frame_duration533326\Normal_Videos\Normal_Videos918_x264_47.npz,Normal_Videos918_x264_47,Normal_Videos,7,0
G:\event_frame_duration533326\event_frame_duration533326\Normal_Videos\Normal_Videos234_x264_336.npz,Normal_Videos234_x264_336,Normal_Videos,7,0
G:\event_frame_duration533326\event_frame_duration533326\Normal_Videos\Normal_Videos265_x264_82.npz,Normal_Videos265_x264_82,Normal_Videos,7,0
G:\event_frame_duration533326\event_frame_duration533326\Normal_Videos\Normal_Videos708_x264_173.npz,Normal_Videos708_x264_173,Normal_Videos,7,0
G:\event_frame_duration533326\event_frame_duration533326\Robbery\Robbery150_x264_230.npz,Robbery150_x264_230,Robbery,9,1
G:\event_frame_duration533326\event_frame_duration533326\Burglary\Burglary088_x264_303.npz,Burglary088_x264_303,Burglary,4,1
G:\event_frame_duration533326\event_frame_duration533326\Normal_Videos\Normal_Videos340_x264_166.npz,Normal_Videos340_x264_166,Normal_Videos,7,0
G:\event_frame_duration533326\event_frame_duration533326\Normal_Videos\Normal_Videos020_x264_29.npz,Normal_Videos020_x264_29,Normal_Videos,7,0
G:\event_frame_duration533326\event_frame_duration533326\Normal_Videos\Normal_Videos211_x264_519.npz,Normal_Videos211_x264_519,Normal_Videos,7,0
G:\event_frame_duration533326\event_frame_duration533326\Fighting\Fighting004_x264_1048.npz,Fighting004_x264_1048,Fighting,6,1
G:\event_frame_duration533326\event_frame_duration533326\RoadAccidents\RoadAccidents094_x264_112.npz,RoadAccidents094_x264_112,RoadAccidents,8,1
G:\event_frame_duration533326\event_frame_duration533326\Vandalism\Vandalism019_x264_127.npz,Vandalism019_x264_127,Vandalism,13,1
G:\event_frame_duration533326\event_frame_duration533326\Normal_Videos\Normal_Videos135_x264_110.npz,Normal_Videos135_x264_110,Normal_Videos,7,0
G:\event_frame_duration533326\event_frame_duration533326\Normal_Videos\Normal_Videos684_x264_1127.npz,Normal_Videos684_x264_1127,Normal_Videos,7,0
G:\event_frame_duration533326\event_frame_duration533326\RoadAccidents\RoadAccidents097_x264_239.npz,RoadAccidents097_x264_239,RoadAccidents,8,1
G:\event_frame_duration533326\event_frame_duration533326\Normal_Videos\Normal_Videos568_x264_442.npz,Normal_Videos568_x264_442,Normal_Videos,7,0
G:\event_frame_duration533326\event_frame_duration533326\Normal_Videos\Normal_Videos764_x264_224.npz,Normal_Videos764_x264_224,Normal_Videos,7,0
G:\event_frame_duration533326\event_frame_duration533326\Normal_Videos\Normal_Videos127_x264_111.npz,Normal_Videos127_x264_111,Normal_Videos,7,0
G:\event_frame_duration533326\event_frame_duration533326\RoadAccidents\RoadAccidents148_x264_1128.npz,RoadAccidents148_x264_1128,RoadAccidents,8,1
G:\event_frame_duration533326\event_frame_duration533326\Normal_Videos\Normal_Videos437_x264_180.npz,Normal_Videos437_x264_180,Normal_Videos,7,0
G:\event_frame_duration533326\event_frame_duration533326\Normal_Videos\Normal_Videos230_x264_29.npz,Normal_Videos230_x264_29,Normal_Videos,7,0
G:\event_frame_duration533326\event_frame_duration533326\Normal_Videos\Normal_Videos466_x264_128.npz,Normal_Videos466_x264_128,Normal_Videos,7,0
G:\event_frame_duration533326\event_frame_duration533326\Normal_Videos\Normal_Videos167_x264_97.npz,Normal_Videos167_x264_97,Normal_Videos,7,0
G:\event_frame_duration533326\event_frame_duration533326\Stealing\Stealing004_x264_415.npz,Stealing004_x264_415,Stealing,12,1
G:\event_frame_duration533326\event_frame_duration533326\Normal_Videos\Normal_Videos840_x264_30.npz,Normal_Videos840_x264_30,Normal_Videos,7,0
G:\event_frame_duration533326\event_frame_duration533326\Normal_Videos\Normal_Videos341_x264_54.npz,Normal_Videos341_x264_54,Normal_Videos,7,0
G:\event_frame_duration533326\event_frame_duration533326\Abuse\Abuse043_x264_239.npz,Abuse043_x264_239,Abuse,0,1
G:\event_frame_duration533326\event_frame_duration533326\Robbery\Robbery038_x264_114.npz,Robbery038_x264_114,Robbery,9,1
G:\event_frame_duration533326\event_frame_duration533326\Robbery\Robbery055_x264_596.npz,Robbery055_x264_596,Robbery,9,1
G:\event_frame_duration533326\event_frame_duration533326\Normal_Videos\Normal_Videos839_x264_21.npz,Normal_Videos839_x264_21,Normal_Videos,7,0
G:\event_frame_duration533326\event_frame_duration533326\Normal_Videos\Normal_Videos044_x264_156.npz,Normal_Videos044_x264_156,Normal_Videos,7,0
G:\event_frame_duration533326\event_frame_duration533326\Stealing\Stealing054_x264_166.npz,Stealing054_x264_166,Stealing,12,1
G:\event_frame_duration533326\event_frame_duration533326\Arson\Arson030_x264_313.npz,Arson030_x264_313,Arson,2,1
G:\event_frame_duration533326\event_frame_duration533326\Stealing\Stealing037_x264_297.npz,Stealing037_x264_297,Stealing,12,1
G:\event_frame_duration533326\event_frame_duration533326\Normal_Videos\Normal_Videos838_x264_229.npz,Normal_Videos838_x264_229,Normal_Videos,7,0
G:\event_frame_duration533326\event_frame_duration533326\Normal_Videos\Normal_Videos692_x264_112.npz,Normal_Videos692_x264_112,Normal_Videos,7,0
G:\event_frame_duration533326\event_frame_duration533326\Normal_Videos\Normal_Videos134_x264_278.npz,Normal_Videos134_x264_278,Normal_Videos,7,0
G:\event_frame_duration533326\event_frame_duration533326\Robbery\Robbery084_x264_200.npz,Robbery084_x264_200,Robbery,9,1
G:\event_frame_duration533326\event_frame_duration533326\Normal_Videos\Normal_Videos156_x264_45.npz,Normal_Videos156_x264_45,Normal_Videos,7,0
G:\event_frame_duration533326\event_frame_duration533326\Normal_Videos\Normal_Videos412_x264_40.npz,Normal_Videos412_x264_40,Normal_Videos,7,0
G:\event_frame_duration533326\event_frame_duration533326\Stealing\Stealing027_x264_118.npz,Stealing027_x264_118,Stealing,12,1
G:\event_frame_duration533326\event_frame_duration533326\Assualt\Assault014_x264_118.npz,Assault014_x264_118,Assault,3,1
G:\event_frame_duration533326\event_frame_duration533326\Abuse\Abuse027_x264_272.npz,Abuse027_x264_272,Abuse,0,1
G:\event_frame_duration533326\event_frame_duration533326\Normal_Videos\Normal_Videos172_x264_740.npz,Normal_Videos172_x264_740,Normal_Videos,7,0
G:\event_frame_duration533326\event_frame_duration533326\Normal_Videos\Normal_Videos921_x264_107.npz,Normal_Videos921_x264_107,Normal_Videos,7,0
G:\event_frame_duration533326\event_frame_duration533326\Burglary\Burglary006_x264_557.npz,Burglary006_x264_557,Burglary,4,1
G:\event_frame_duration533326\event_frame_duration533326\Normal_Videos\Normal_Videos487_x264_22.npz,Normal_Videos487_x264_22,Normal_Videos,7,0
G:\event_frame_duration533326\event_frame_duration533326\Shoplifting\Shoplifting012_x264_1464.npz,Shoplifting012_x264_1464,Shoplifting,11,1
G:\event_frame_duration533326\event_frame_duration533326\Normal_Videos\Normal_Videos465_x264_185.npz,Normal_Videos465_x264_185,Normal_Videos,7,0
G:\event_frame_duration533326\event_frame_duration533326\Normal_Videos\Normal_Videos705_x264_17.npz,Normal_Videos705_x264_17,Normal_Videos,7,0
G:\event_frame_duration533326\event_frame_duration533326\Vandalism\Vandalism047_x264_154.npz,Vandalism047_x264_154,Vandalism,13,1
G:\event_frame_duration533326\event_frame_duration533326\Normal_Videos\Normal_Videos815_x264_168.npz,Normal_Videos815_x264_168,Normal_Videos,7,0
G:\event_frame_duration533326\event_frame_duration533326\Normal_Videos\Normal_Videos661_x264_36.npz,Normal_Videos661_x264_36,Normal_Videos,7,0
G:\event_frame_duration533326\event_frame_duration533326\Normal_Videos\Normal_Videos650_x264_81.npz,Normal_Videos650_x264_81,Normal_Videos,7,0
G:\event_frame_duration533326\event_frame_duration533326\Arson\Arson045_x264_232.npz,Arson045_x264_232,Arson,2,1
G:\event_frame_duration533326\event_frame_duration533326\Shoplifting\Shoplifting045_x264_102.npz,Shoplifting045_x264_102,Shoplifting,11,1
G:\event_frame_duration533326\event_frame_duration533326\Normal_Videos\Normal_Videos741_x264_350.npz,Normal_Videos741_x264_350,Normal_Videos,7,0
G:\event_frame_duration533326\event_frame_duration533326\Shooting\Shooting041_x264_87.npz,Shooting041_x264_87,Shooting,10,1
G:\event_frame_duration533326\event_frame_duration533326\Vandalism\Vandalism029_x264_27.npz,Vandalism029_x264_27,Vandalism,13,1
G:\event_frame_duration533326\event_frame_duration533326\Vandalism\Vandalism003_x264_90.npz,Vandalism003_x264_90,Vandalism,13,1
G:\event_frame_duration533326\event_frame_duration533326\Stealing\Stealing088_x264npz_802.npz,Stealing088_x264npz_802,Stealing,12,1
G:\event_frame_duration533326\event_frame_duration533326\Normal_Videos\Normal_Videos011_x264_55.npz,Normal_Videos011_x264_55,Normal_Videos,7,0
G:\event_frame_duration533326\event_frame_duration533326\Assualt\Assault019_x264_157.npz,Assault019_x264_157,Assault,3,1
G:\event_frame_duration533326\event_frame_duration533326\Normal_Videos\Normal_Videos253_x264_31.npz,Normal_Videos253_x264_31,Normal_Videos,7,0
G:\event_frame_duration533326\event_frame_duration533326\Normal_Videos\Normal_Videos677_x264_162.npz,Normal_Videos677_x264_162,Normal_Videos,7,0
G:\event_frame_duration533326\event_frame_duration533326\Burglary\Burglary062_x264_702.npz,Burglary062_x264_702,Burglary,4,1
G:\event_frame_duration533326\event_frame_duration533326\Robbery\Robbery107_x264_104.npz,Robbery107_x264_104,Robbery,9,1
G:\event_frame_duration533326\event_frame_duration533326\Robbery\Robbery071_x264_97.npz,Robbery071_x264_97,Robbery,9,1
G:\event_frame_duration533326\event_frame_duration533326\Normal_Videos\Normal_Videos405_x264_65.npz,Normal_Videos405_x264_65,Normal_Videos,7,0
G:\event_frame_duration533326\event_frame_duration533326\Vandalism\Vandalism033_x264_141.npz,Vandalism033_x264_141,Vandalism,13,1
G:\event_frame_duration533326\event_frame_duration533326\Normal_Videos\Normal_Videos950_x264_149.npz,Normal_Videos950_x264_149,Normal_Videos,7,0
G:\event_frame_duration533326\event_frame_duration533326\RoadAccidents\RoadAccidents030_x264_80.npz,RoadAccidents030_x264_80,RoadAccidents,8,1
G:\event_frame_duration533326\event_frame_duration533326\Abuse\Abuse038_x264_52.npz,Abuse038_x264_52,Abuse,0,1
G:\event_frame_duration533326\event_frame_duration533326\Normal_Videos\Normal_Videos005_x264_23.npz,Normal_Videos005_x264_23,Normal_Videos,7,0
G:\event_frame_duration533326\event_frame_duration533326\Normal_Videos\Normal_Videos676_x264_361.npz,Normal_Videos676_x264_361,Normal_Videos,7,0
G:\event_frame_duration533326\event_frame_duration533326\Stealing\Stealing109_x264_589.npz,Stealing109_x264_589,Stealing,12,1
G:\event_frame_duration533326\event_frame_duration533326\Stealing\Stealing018_x264_127.npz,Stealing018_x264_127,Stealing,12,1
G:\event_frame_duration533326\event_frame_duration533326\Normal_Videos\Normal_Videos443_x264_111.npz,Normal_Videos443_x264_111,Normal_Videos,7,0
G:\event_frame_duration533326\event_frame_duration533326\Abuse\Abuse024_x264_63.npz,Abuse024_x264_63,Abuse,0,1
G:\event_frame_duration533326\event_frame_duration533326\RoadAccidents\RoadAccidents048_x264npz_152.npz,RoadAccidents048_x264npz_152,RoadAccidents,8,1
G:\event_frame_duration533326\event_frame_duration533326\Robbery\Robbery139_x264_60.npz,Robbery139_x264_60,Robbery,9,1
G:\event_frame_duration533326\event_frame_duration533326\RoadAccidents\RoadAccidents150_x264_93.npz,RoadAccidents150_x264_93,RoadAccidents,8,1
G:\event_frame_duration533326\event_frame_duration533326\Stealing\Stealing047_x264_84.npz,Stealing047_x264_84,Stealing,12,1
G:\event_frame_duration533326\event_frame_duration533326\RoadAccidents\RoadAccidents056_x264_56.npz,RoadAccidents056_x264_56,RoadAccidents,8,1
G:\event_frame_duration533326\event_frame_duration533326\Vandalism\Vandalism030_x264_89.npz,Vandalism030_x264_89,Vandalism,13,1
G:\event_frame_duration533326\event_frame_duration533326\Abuse\Abuse011_x264_225.npz,Abuse011_x264_225,Abuse,0,1
G:\event_frame_duration533326\event_frame_duration533326\Normal_Videos\Normal_Videos755_x264_101.npz,Normal_Videos755_x264_101,Normal_Videos,7,0
G:\event_frame_duration533326\event_frame_duration533326\Burglary\Burglary080_x264_71.npz,Burglary080_x264_71,Burglary,4,1
G:\event_frame_duration533326\event_frame_duration533326\Normal_Videos\Normal_Videos148_x264_38.npz,Normal_Videos148_x264_38,Normal_Videos,7,0
G:\event_frame_duration533326\event_frame_duration533326\Normal_Videos\Normal_Videos653_x264_65.npz,Normal_Videos653_x264_65,Normal_Videos,7,0
G:\event_frame_duration533326\event_frame_duration533326\Stealing\Stealing048_x264_472.npz,Stealing048_x264_472,Stealing,12,1
G:\event_frame_duration533326\event_frame_duration533326\RoadAccidents\RoadAccidents039_x264_23.npz,RoadAccidents039_x264_23,RoadAccidents,8,1
G:\event_frame_duration533326\event_frame_duration533326\Normal_Videos\Normal_Videos774_x264_113.npz,Normal_Videos774_x264_113,Normal_Videos,7,0
G:\event_frame_duration533326\event_frame_duration533326\RoadAccidents\RoadAccidents107_x264_66.npz,RoadAccidents107_x264_66,RoadAccidents,8,1
G:\event_frame_duration533326\event_frame_duration533326\Vandalism\Vandalism043_x264_202.npz,Vandalism043_x264_202,Vandalism,13,1
G:\event_frame_duration533326\event_frame_duration533326\Normal_Videos\Normal_Videos648_x264_66.npz,Normal_Videos648_x264_66,Normal_Videos,7,0
G:\event_frame_duration533326\event_frame_duration533326\Normal_Videos\Normal_Videos138_x264_8009_7.npz,Normal_Videos138_x264_8009_7,Normal_Videos,7,0
G:\event_frame_duration533326\event_frame_duration533326\Robbery\Robbery021_x264_513.npz,Robbery021_x264_513,Robbery,9,1
G:\event_frame_duration533326\event_frame_duration533326\Normal_Videos\Normal_Videos035_x264_1150.npz,Normal_Videos035_x264_1150,Normal_Videos,7,0
G:\event_frame_duration533326\event_frame_duration533326\Robbery\Robbery091_x264_118.npz,Robbery091_x264_118,Robbery,9,1
G:\event_frame_duration533326\event_frame_duration533326\Normal_Videos\Normal_Videos682_x264_473.npz,Normal_Videos682_x264_473,Normal_Videos,7,0
G:\event_frame_duration533326\event_frame_duration533326\Burglary\Burglary011_x264_121.npz,Burglary011_x264_121,Burglary,4,1
G:\event_frame_duration533326\event_frame_duration533326\Abuse\Abuse050_x264_303.npz,Abuse050_x264_303,Abuse,0,1
G:\event_frame_duration533326\event_frame_duration533326\Burglary\Burglary066_x264_137.npz,Burglary066_x264_137,Burglary,4,1
G:\event_frame_duration533326\event_frame_duration533326\Shooting\Shooting005_x264_333.npz,Shooting005_x264_333,Shooting,10,1
G:\event_frame_duration533326\event_frame_duration533326\Arrest\Arrest032_x264_103.npz,Arrest032_x264_103,Arrest,1,1
G:\event_frame_duration533326\event_frame_duration533326\Normal_Videos\Normal_Videos916_x264_15.npz,Normal_Videos916_x264_15,Normal_Videos,7,0
G:\event_frame_duration533326\event_frame_duration533326\Normal_Videos\Normal_Videos198_x264_139.npz,Normal_Videos198_x264_139,Normal_Videos,7,0
G:\event_frame_duration533326\event_frame_duration533326\Normal_Videos\Normal_Videos743_x264_358.npz,Normal_Videos743_x264_358,Normal_Videos,7,0
